{
  "_meta": {
    "cash": 1.1429697652720918,
    "peak_equity": 10390.48381505795
  },
  "BTCUSDT": {
    "in_position": true,
    "entry": 64484.01,
    "high": 65010.0,
    "qty": 0.13457432817444354,
    "last_trade": 1782096362.9887536
  },
  "ETHUSDT": {
    "in_position": true,
    "entry": 1735.54,
    "high": 1766.53,
    "qty": 0.25000554074651454,
    "last_trade": 1782097300.1273024
  },
  "SOLUSDT": {
    "in_position": true,
    "entry": 73.75,
    "high": 74.32,
    "qty": 0.2941658414828523,
    "last_trade": 1782097325.4528317
  },
  "BNBUSDT": {
    "in_position": false,
    "entry": null,
    "high": null,
    "qty": 0.0,
    "last_trade": 1782075676.7551923
  },
  "XRPUSDT": {
    "in_position": false,
    "entry": null,
    "high": null,
    "qty": 0.0,
    "last_trade": 1781962267.960963
  },
  "ADAUSDT": {
    "in_position": false,
    "entry": null,
    "high": null,
    "qty": 0.0,
    "last_trade": 1782065197.6999938
  },
  "AVAXUSDT": {
    "in_position": false,
    "entry": null,
    "high": null,
    "qty": 0.0,
    "last_trade": 1782065197.7000012
  },
  "LINKUSDT": {
    "in_position": false,
    "entry": null,
    "high": null,
    "qty": 0.0,
    "last_trade": 1782064881.1455142
  },
  "LTCUSDT": {
    "in_position": false,
    "entry": null,
    "high": null,
    "qty": 0.0,
    "last_trade": 1782060367.229651
  },
  "DOGEUSDT": {
    "in_position": false,
    "entry": null,
    "high": null,
    "qty": 0.0,
    "last_trade": 1782076567.8291671
  }
}