{
  "_meta": {
    "cash": 1.0906153974011872,
    "peak_equity": 10390.48381505795
  },
  "BTCUSDT": {
    "in_position": true,
    "entry": 62364.96,
    "high": 64511.36,
    "qty": 0.006021035177750866,
    "last_trade": 1783575976.8233027
  },
  "ETHUSDT": {
    "in_position": false,
    "entry": null,
    "high": null,
    "qty": 0.0,
    "last_trade": 1783643507.7206562
  },
  "SOLUSDT": {
    "in_position": true,
    "entry": 77.98,
    "high": 79.55,
    "qty": 96.60480156142344,
    "last_trade": 1783639936.4144323
  },
  "BNBUSDT": {
    "in_position": false,
    "entry": null,
    "high": null,
    "qty": 0.0,
    "last_trade": 1783635357.0925944
  },
  "XRPUSDT": {
    "in_position": false,
    "entry": null,
    "high": null,
    "qty": 0.0,
    "last_trade": 1783688510.1756446
  },
  "ADAUSDT": {
    "in_position": false,
    "entry": null,
    "high": null,
    "qty": 0.0,
    "last_trade": 1783665108.7314796
  },
  "AVAXUSDT": {
    "in_position": false,
    "entry": null,
    "high": null,
    "qty": 0.0,
    "last_trade": 1783688510.1756551
  },
  "LINKUSDT": {
    "in_position": true,
    "entry": 7.952,
    "high": 7.952,
    "qty": 52.06486810629621,
    "last_trade": 1783688522.3075736
  },
  "LTCUSDT": {
    "in_position": true,
    "entry": 44.54,
    "high": 44.54,
    "qty": 0.4647730480256716,
    "last_trade": 1783688534.8076458
  },
  "DOGEUSDT": {
    "in_position": false,
    "entry": null,
    "high": null,
    "qty": 0.0,
    "last_trade": 1783639347.552743
  }
}