{
  "_meta": {
    "cash": 1.0335740116228216,
    "peak_equity": 10390.48381505795
  },
  "BTCUSDT": {
    "in_position": true,
    "entry": 62364.96,
    "high": 63075.99,
    "qty": 0.006021035177750866,
    "last_trade": 1783575976.8233027
  },
  "ETHUSDT": {
    "in_position": true,
    "entry": 1749.19,
    "high": 1749.19,
    "qty": 0.011215641487145923,
    "last_trade": 1783602605.1357539
  },
  "SOLUSDT": {
    "in_position": false,
    "entry": null,
    "high": null,
    "qty": 0.0,
    "last_trade": 1783562501.7856476
  },
  "BNBUSDT": {
    "in_position": false,
    "entry": null,
    "high": null,
    "qty": 0.0,
    "last_trade": 1783566104.568141
  },
  "XRPUSDT": {
    "in_position": true,
    "entry": 1.0931,
    "high": 1.1005,
    "qty": 360.0077942864814,
    "last_trade": 1783598530.0836227
  },
  "ADAUSDT": {
    "in_position": false,
    "entry": null,
    "high": null,
    "qty": 0.0,
    "last_trade": 1783587761.3326144
  },
  "AVAXUSDT": {
    "in_position": false,
    "entry": null,
    "high": null,
    "qty": 0.0,
    "last_trade": 1783594936.353812
  },
  "LINKUSDT": {
    "in_position": true,
    "entry": 7.682,
    "high": 7.767,
    "qty": 977.6142098907164,
    "last_trade": 1783573314.739592
  },
  "LTCUSDT": {
    "in_position": true,
    "entry": 43.93,
    "high": 44.23,
    "qty": 0.4248847243557034,
    "last_trade": 1783587781.2057207
  },
  "DOGEUSDT": {
    "in_position": false,
    "entry": null,
    "high": null,
    "qty": 0.0,
    "last_trade": 1783599679.5711675
  }
}