{
  "_meta": {
    "cash": 1.1048920281543708,
    "peak_equity": 10390.48381505795
  },
  "BTCUSDT": {
    "in_position": true,
    "entry": 60385.88,
    "high": 60385.88,
    "qty": 0.00034729934478680547,
    "last_trade": 1782638161.7466416
  },
  "ETHUSDT": {
    "in_position": false,
    "entry": null,
    "high": null,
    "qty": 0.0,
    "last_trade": 1782583279.8280888
  },
  "SOLUSDT": {
    "in_position": true,
    "entry": 71.86,
    "high": 71.9,
    "qty": 5.836898568988204,
    "last_trade": 1782637291.0464396
  },
  "BNBUSDT": {
    "in_position": false,
    "entry": null,
    "high": null,
    "qty": 0.0,
    "last_trade": 1782536482.7979474
  },
  "XRPUSDT": {
    "in_position": false,
    "entry": null,
    "high": null,
    "qty": 0.0,
    "last_trade": 1782559865.4192255
  },
  "ADAUSDT": {
    "in_position": false,
    "entry": null,
    "high": null,
    "qty": 0.0,
    "last_trade": 1782581477.8728564
  },
  "AVAXUSDT": {
    "in_position": false,
    "entry": null,
    "high": null,
    "qty": 0.0,
    "last_trade": 1782581477.8728616
  },
  "LINKUSDT": {
    "in_position": false,
    "entry": null,
    "high": null,
    "qty": 0.0,
    "last_trade": 1782589555.9563878
  },
  "LTCUSDT": {
    "in_position": true,
    "entry": 42.49,
    "high": 43.08,
    "qty": 197.42976284654827,
    "last_trade": 1782634568.285111
  },
  "DOGEUSDT": {
    "in_position": false,
    "entry": null,
    "high": null,
    "qty": 0.0,
    "last_trade": 1782587756.7779338
  }
}