{
  "_meta": {
    "cash": 3.6685095853033403,
    "peak_equity": 10390.48381505795
  },
  "BTCUSDT": {
    "in_position": true,
    "entry": 64129.17,
    "high": 64216.39,
    "qty": 0.0005978187432823746,
    "last_trade": 1783723588.0100517
  },
  "ETHUSDT": {
    "in_position": true,
    "entry": 1789.95,
    "high": 1798.23,
    "qty": 3.803659231576127,
    "last_trade": 1783696600.2649896
  },
  "SOLUSDT": {
    "in_position": false,
    "entry": null,
    "high": null,
    "qty": 0.0,
    "last_trade": 1783689372.769644
  },
  "BNBUSDT": {
    "in_position": false,
    "entry": null,
    "high": null,
    "qty": 0.0,
    "last_trade": 1783728971.5137553
  },
  "XRPUSDT": {
    "in_position": false,
    "entry": null,
    "high": null,
    "qty": 0.0,
    "last_trade": 1783688510.1756446
  },
  "ADAUSDT": {
    "in_position": false,
    "entry": null,
    "high": null,
    "qty": 0.0,
    "last_trade": 1783694775.2413063
  },
  "AVAXUSDT": {
    "in_position": false,
    "entry": null,
    "high": null,
    "qty": 0.0,
    "last_trade": 1783728971.5137653
  },
  "LINKUSDT": {
    "in_position": true,
    "entry": 7.968,
    "high": 7.997,
    "qty": 174.7792421453129,
    "last_trade": 1783731806.9120731
  },
  "LTCUSDT": {
    "in_position": true,
    "entry": 44.54,
    "high": 44.87,
    "qty": 0.4647730480256716,
    "last_trade": 1783688534.8076458
  },
  "DOGEUSDT": {
    "in_position": true,
    "entry": 0.07414,
    "high": 0.07431,
    "qty": 939.196790810532,
    "last_trade": 1783731818.3912957
  }
}