{
  "_meta": {
    "cash": 54.89477153701773,
    "peak_equity": 10390.48381505795
  },
  "BTCUSDT": {
    "in_position": true,
    "entry": 60341.51,
    "high": 62087.83,
    "qty": 0.11324066526799244,
    "last_trade": 1782980188.955797
  },
  "ETHUSDT": {
    "in_position": true,
    "entry": 1619.51,
    "high": 1716.68,
    "qty": 0.21096235082448467,
    "last_trade": 1782981090.903622
  },
  "SOLUSDT": {
    "in_position": false,
    "entry": null,
    "high": null,
    "qty": 0.0,
    "last_trade": 1783003576.3068805
  },
  "BNBUSDT": {
    "in_position": true,
    "entry": 561.15,
    "high": 563.4,
    "qty": 1.8568274088975039,
    "last_trade": 1783003596.3846204
  },
  "XRPUSDT": {
    "in_position": true,
    "entry": 1.0559,
    "high": 1.1085,
    "qty": 358.908058673993,
    "last_trade": 1782955896.268075
  },
  "ADAUSDT": {
    "in_position": true,
    "entry": 0.1543,
    "high": 0.162,
    "qty": 122.80331145621173,
    "last_trade": 1782955914.320442
  },
  "AVAXUSDT": {
    "in_position": false,
    "entry": null,
    "high": null,
    "qty": 0.0,
    "last_trade": 1782949460.1885586
  },
  "LINKUSDT": {
    "in_position": false,
    "entry": null,
    "high": null,
    "qty": 0.0,
    "last_trade": 1782976589.145572
  },
  "LTCUSDT": {
    "in_position": false,
    "entry": null,
    "high": null,
    "qty": 0.0,
    "last_trade": 1782975679.82507
  },
  "DOGEUSDT": {
    "in_position": false,
    "entry": null,
    "high": null,
    "qty": 0.0,
    "last_trade": 1782977475.8377101
  }
}