{
  "_meta": {
    "cash": 1.0401020133561545,
    "peak_equity": 10390.48381505795
  },
  "BTCUSDT": {
    "in_position": false,
    "entry": null,
    "high": null,
    "qty": 0.0,
    "last_trade": 1783206960.5352054
  },
  "ETHUSDT": {
    "in_position": true,
    "entry": 1774.24,
    "high": 1784.51,
    "qty": 0.011127128267714177,
    "last_trade": 1783270901.5661683
  },
  "SOLUSDT": {
    "in_position": false,
    "entry": null,
    "high": null,
    "qty": 0.0,
    "last_trade": 1783158364.7280586
  },
  "BNBUSDT": {
    "in_position": true,
    "entry": 575.93,
    "high": 590.56,
    "qty": 14.29955633863092,
    "last_trade": 1783239372.0186274
  },
  "XRPUSDT": {
    "in_position": false,
    "entry": null,
    "high": null,
    "qty": 0.0,
    "last_trade": 1783196994.6801035
  },
  "ADAUSDT": {
    "in_position": false,
    "entry": null,
    "high": null,
    "qty": 0.0,
    "last_trade": 1783229476.333379
  },
  "AVAXUSDT": {
    "in_position": true,
    "entry": 6.88,
    "high": 6.95,
    "qty": 2.992566672277506,
    "last_trade": 1783257363.5588536
  },
  "LINKUSDT": {
    "in_position": false,
    "entry": null,
    "high": null,
    "qty": 0.0,
    "last_trade": 1783206960.5352294
  },
  "LTCUSDT": {
    "in_position": false,
    "entry": null,
    "high": null,
    "qty": 0.0,
    "last_trade": 1783269985.8944106
  },
  "DOGEUSDT": {
    "in_position": true,
    "entry": 0.07706,
    "high": 0.07769,
    "qty": 5123.850521076862,
    "last_trade": 1783269993.6609733
  }
}