{
  "_meta": {
    "cash": 3.0025398077832577,
    "peak_equity": 10390.48381505795
  },
  "BTCUSDT": {
    "in_position": false,
    "entry": null,
    "high": null,
    "qty": 0.0,
    "last_trade": 1782468081.4170341
  },
  "ETHUSDT": {
    "in_position": false,
    "entry": null,
    "high": null,
    "qty": 0.0,
    "last_trade": 1782521162.0730858
  },
  "SOLUSDT": {
    "in_position": false,
    "entry": null,
    "high": null,
    "qty": 0.0,
    "last_trade": 1782511296.5523117
  },
  "BNBUSDT": {
    "in_position": true,
    "entry": 567.98,
    "high": 568.53,
    "qty": 13.662908245512632,
    "last_trade": 1782511307.8751664
  },
  "XRPUSDT": {
    "in_position": true,
    "entry": 1.0423,
    "high": 1.0612,
    "qty": 372.266076239388,
    "last_trade": 1782511319.8784335
  },
  "ADAUSDT": {
    "in_position": true,
    "entry": 0.1475,
    "high": 0.149,
    "qty": 386.38145818846726,
    "last_trade": 1782521170.5810366
  },
  "AVAXUSDT": {
    "in_position": false,
    "entry": null,
    "high": null,
    "qty": 0.0,
    "last_trade": 1782506789.2324502
  },
  "LINKUSDT": {
    "in_position": true,
    "entry": 7.315,
    "high": 7.394,
    "qty": 105.1355187494218,
    "last_trade": 1782506797.9451513
  },
  "LTCUSDT": {
    "in_position": true,
    "entry": 41.81,
    "high": 42.27,
    "qty": 0.9197157613633368,
    "last_trade": 1782506805.6608803
  },
  "DOGEUSDT": {
    "in_position": false,
    "entry": null,
    "high": null,
    "qty": 0.0,
    "last_trade": 1782468968.645081
  }
}