{
  "_meta": {
    "cash": 37.15683686451041,
    "peak_equity": 10390.48381505795
  },
  "BTCUSDT": {
    "in_position": false,
    "entry": null,
    "high": null,
    "qty": 0.0,
    "last_trade": 1783701957.7027743
  },
  "ETHUSDT": {
    "in_position": true,
    "entry": 1789.95,
    "high": 1793.81,
    "qty": 3.803659231576127,
    "last_trade": 1783696600.2649896
  },
  "SOLUSDT": {
    "in_position": false,
    "entry": null,
    "high": null,
    "qty": 0.0,
    "last_trade": 1783689372.769644
  },
  "BNBUSDT": {
    "in_position": true,
    "entry": 575.94,
    "high": 575.94,
    "qty": 1.2245626728476846,
    "last_trade": 1783701968.5847642
  },
  "XRPUSDT": {
    "in_position": false,
    "entry": null,
    "high": null,
    "qty": 0.0,
    "last_trade": 1783688510.1756446
  },
  "ADAUSDT": {
    "in_position": false,
    "entry": null,
    "high": null,
    "qty": 0.0,
    "last_trade": 1783694775.2413063
  },
  "AVAXUSDT": {
    "in_position": false,
    "entry": null,
    "high": null,
    "qty": 0.0,
    "last_trade": 1783688510.1756551
  },
  "LINKUSDT": {
    "in_position": true,
    "entry": 7.952,
    "high": 7.985,
    "qty": 52.06486810629621,
    "last_trade": 1783688522.3075736
  },
  "LTCUSDT": {
    "in_position": true,
    "entry": 44.54,
    "high": 44.76,
    "qty": 0.4647730480256716,
    "last_trade": 1783688534.8076458
  },
  "DOGEUSDT": {
    "in_position": true,
    "entry": 0.07403,
    "high": 0.07433,
    "qty": 4880.902661362543,
    "last_trade": 1783689395.5093663
  }
}