{
  "_meta": {
    "cash": 406.89895476763195,
    "peak_equity": 10390.48381505795
  },
  "BTCUSDT": {
    "in_position": false,
    "entry": null,
    "high": null,
    "qty": 0.0,
    "last_trade": 1782049575.432373
  },
  "ETHUSDT": {
    "in_position": false,
    "entry": null,
    "high": null,
    "qty": 0.0,
    "last_trade": 1782030668.360234
  },
  "SOLUSDT": {
    "in_position": true,
    "entry": 74.03,
    "high": 74.28,
    "qty": 104.3273913791868,
    "last_trade": 1782065770.8475988
  },
  "BNBUSDT": {
    "in_position": true,
    "entry": 589.75,
    "high": 591.29,
    "qty": 1.6846749468933153,
    "last_trade": 1782061292.5817068
  },
  "XRPUSDT": {
    "in_position": false,
    "entry": null,
    "high": null,
    "qty": 0.0,
    "last_trade": 1781962267.960963
  },
  "ADAUSDT": {
    "in_position": false,
    "entry": null,
    "high": null,
    "qty": 0.0,
    "last_trade": 1782065197.6999938
  },
  "AVAXUSDT": {
    "in_position": false,
    "entry": null,
    "high": null,
    "qty": 0.0,
    "last_trade": 1782065197.7000012
  },
  "LINKUSDT": {
    "in_position": false,
    "entry": null,
    "high": null,
    "qty": 0.0,
    "last_trade": 1782064881.1455142
  },
  "LTCUSDT": {
    "in_position": false,
    "entry": null,
    "high": null,
    "qty": 0.0,
    "last_trade": 1782060367.229651
  },
  "DOGEUSDT": {
    "in_position": true,
    "entry": 0.0834,
    "high": 0.08351,
    "qty": 1178.498374156408,
    "last_trade": 1782064892.9536452
  }
}