{
  "_meta": {
    "cash": 895.7685583800944,
    "peak_equity": 10390.48381505795
  },
  "BTCUSDT": {
    "in_position": false,
    "entry": null,
    "high": null,
    "qty": 0.0,
    "last_trade": 1781551873.5054102
  },
  "ETHUSDT": {
    "in_position": false,
    "entry": null,
    "high": null,
    "qty": 0.0,
    "last_trade": 1781556371.0554109
  },
  "SOLUSDT": {
    "in_position": true,
    "entry": 71.17,
    "high": 76.01,
    "qty": 0.32034606284750355,
    "last_trade": 1781515906.8739128
  },
  "BNBUSDT": {
    "in_position": false,
    "entry": null,
    "high": null,
    "qty": 0.0,
    "last_trade": 1781515906.8739438
  },
  "XRPUSDT": {
    "in_position": false,
    "entry": null,
    "high": null,
    "qty": 0.0,
    "last_trade": 1781558166.4718285
  },
  "ADAUSDT": {
    "in_position": false,
    "entry": null,
    "high": null,
    "qty": 0.0,
    "last_trade": 1781557296.3910403
  },
  "AVAXUSDT": {
    "in_position": true,
    "entry": 6.937,
    "high": 6.937,
    "qty": 159.9029962390849,
    "last_trade": 1781552793.1653488
  },
  "LINKUSDT": {
    "in_position": false,
    "entry": null,
    "high": null,
    "qty": 0.0,
    "last_trade": 0
  },
  "LTCUSDT": {
    "in_position": true,
    "entry": 45.67,
    "high": 45.8,
    "qty": 174.18992374123238,
    "last_trade": 1781557306.0929546
  },
  "DOGEUSDT": {
    "in_position": false,
    "entry": null,
    "high": null,
    "qty": 0.0,
    "last_trade": 1781551873.5054367
  }
}