{
  "_meta": {
    "cash": 17.771857206112372,
    "peak_equity": 10390.48381505795
  },
  "BTCUSDT": {
    "in_position": true,
    "entry": 60362.01,
    "high": 60478.0,
    "qty": 0.005588414947699369,
    "last_trade": 1782765970.197931
  },
  "ETHUSDT": {
    "in_position": false,
    "entry": null,
    "high": null,
    "qty": 0.0,
    "last_trade": 1782742556.5052574
  },
  "SOLUSDT": {
    "in_position": true,
    "entry": 72.98,
    "high": 76.38,
    "qty": 0.5311824498518917,
    "last_trade": 1782740777.2138608
  },
  "BNBUSDT": {
    "in_position": false,
    "entry": null,
    "high": null,
    "qty": 0.0,
    "last_trade": 1782734486.2933333
  },
  "XRPUSDT": {
    "in_position": false,
    "entry": null,
    "high": null,
    "qty": 0.0,
    "last_trade": 1782742556.5052779
  },
  "ADAUSDT": {
    "in_position": false,
    "entry": null,
    "high": null,
    "qty": 0.0,
    "last_trade": 1782742556.5052826
  },
  "AVAXUSDT": {
    "in_position": false,
    "entry": null,
    "high": null,
    "qty": 0.0,
    "last_trade": 1782765060.735324
  },
  "LINKUSDT": {
    "in_position": true,
    "entry": 7.464,
    "high": 7.472,
    "qty": 903.8798471521387,
    "last_trade": 1782765060.8182435
  },
  "LTCUSDT": {
    "in_position": true,
    "entry": 43.05,
    "high": 43.42,
    "qty": 40.19778094824891,
    "last_trade": 1782753371.2348013
  },
  "DOGEUSDT": {
    "in_position": true,
    "entry": 0.07404,
    "high": 0.07419,
    "qty": 1168.6348391559409,
    "last_trade": 1782753380.6968768
  }
}