{
  "_meta": {
    "cash": 1.068587795159548,
    "peak_equity": 10390.48381505795
  },
  "BTCUSDT": {
    "in_position": true,
    "entry": 62364.96,
    "high": 64289.99,
    "qty": 0.006021035177750866,
    "last_trade": 1783575976.8233027
  },
  "ETHUSDT": {
    "in_position": false,
    "entry": null,
    "high": null,
    "qty": 0.0,
    "last_trade": 1783643507.7206562
  },
  "SOLUSDT": {
    "in_position": true,
    "entry": 77.98,
    "high": 79.36,
    "qty": 96.60480156142344,
    "last_trade": 1783639936.4144323
  },
  "BNBUSDT": {
    "in_position": false,
    "entry": null,
    "high": null,
    "qty": 0.0,
    "last_trade": 1783635357.0925944
  },
  "XRPUSDT": {
    "in_position": true,
    "entry": 1.0962,
    "high": 1.1141,
    "qty": 375.4179105034653,
    "last_trade": 1783647113.2123566
  },
  "ADAUSDT": {
    "in_position": false,
    "entry": null,
    "high": null,
    "qty": 0.0,
    "last_trade": 1783665108.7314796
  },
  "AVAXUSDT": {
    "in_position": true,
    "entry": 6.789,
    "high": 6.789,
    "qty": 2.98761013739999,
    "last_trade": 1783665128.8025634
  },
  "LINKUSDT": {
    "in_position": false,
    "entry": null,
    "high": null,
    "qty": 0.0,
    "last_trade": 1783639347.5527318
  },
  "LTCUSDT": {
    "in_position": false,
    "entry": null,
    "high": null,
    "qty": 0.0,
    "last_trade": 1783639347.5527375
  },
  "DOGEUSDT": {
    "in_position": false,
    "entry": null,
    "high": null,
    "qty": 0.0,
    "last_trade": 1783639347.552743
  }
}