{
  "_meta": {
    "cash": 2.6171857552112314,
    "peak_equity": 10390.48381505795
  },
  "BTCUSDT": {
    "in_position": false,
    "entry": null,
    "high": null,
    "qty": 0.0,
    "last_trade": 1782049575.432373
  },
  "ETHUSDT": {
    "in_position": false,
    "entry": null,
    "high": null,
    "qty": 0.0,
    "last_trade": 1782030668.360234
  },
  "SOLUSDT": {
    "in_position": false,
    "entry": null,
    "high": null,
    "qty": 0.0,
    "last_trade": 1782043287.8265333
  },
  "BNBUSDT": {
    "in_position": true,
    "entry": 589.75,
    "high": 589.75,
    "qty": 1.6846749468933153,
    "last_trade": 1782061292.5817068
  },
  "XRPUSDT": {
    "in_position": false,
    "entry": null,
    "high": null,
    "qty": 0.0,
    "last_trade": 1781962267.960963
  },
  "ADAUSDT": {
    "in_position": true,
    "entry": 0.1617,
    "high": 0.1617,
    "qty": 307.2161564410439,
    "last_trade": 1782061302.8333662
  },
  "AVAXUSDT": {
    "in_position": true,
    "entry": 6.133,
    "high": 6.331,
    "qty": 1297.9595886195734,
    "last_trade": 1781963171.7942169
  },
  "LINKUSDT": {
    "in_position": true,
    "entry": 7.962,
    "high": 7.991,
    "qty": 12.727934635943733,
    "last_trade": 1782054087.861761
  },
  "LTCUSDT": {
    "in_position": false,
    "entry": null,
    "high": null,
    "qty": 0.0,
    "last_trade": 1782060367.229651
  },
  "DOGEUSDT": {
    "in_position": false,
    "entry": null,
    "high": null,
    "qty": 0.0,
    "last_trade": 1781962267.960978
  }
}