{
  "_meta": {
    "cash": 1.2277736911817314,
    "peak_equity": 10390.48381505795
  },
  "BTCUSDT": {
    "in_position": false,
    "entry": null,
    "high": null,
    "qty": 0.0,
    "last_trade": 1781615761.0138109
  },
  "ETHUSDT": {
    "in_position": true,
    "entry": 1797.27,
    "high": 1798.92,
    "qty": 5.186620983317138,
    "last_trade": 1781642764.5626554
  },
  "SOLUSDT": {
    "in_position": false,
    "entry": null,
    "high": null,
    "qty": 0.0,
    "last_trade": 1781619361.4337125
  },
  "BNBUSDT": {
    "in_position": false,
    "entry": null,
    "high": null,
    "qty": 0.0,
    "last_trade": 1781515906.8739438
  },
  "XRPUSDT": {
    "in_position": false,
    "entry": null,
    "high": null,
    "qty": 0.0,
    "last_trade": 1781558166.4718285
  },
  "ADAUSDT": {
    "in_position": false,
    "entry": null,
    "high": null,
    "qty": 0.0,
    "last_trade": 1781557296.3910403
  },
  "AVAXUSDT": {
    "in_position": true,
    "entry": 6.935,
    "high": 6.981,
    "qty": 67.2080626869965,
    "last_trade": 1781642775.17478
  },
  "LINKUSDT": {
    "in_position": true,
    "entry": 8.334,
    "high": 8.365,
    "qty": 2.7963037841032037,
    "last_trade": 1781642782.1542413
  },
  "LTCUSDT": {
    "in_position": false,
    "entry": null,
    "high": null,
    "qty": 0.0,
    "last_trade": 1781577070.3920884
  },
  "DOGEUSDT": {
    "in_position": false,
    "entry": null,
    "high": null,
    "qty": 0.0,
    "last_trade": 1781551873.5054367
  }
}