{
  "_meta": {
    "cash": 20.83037448808693,
    "peak_equity": 10390.48381505795
  },
  "BTCUSDT": {
    "in_position": false,
    "entry": null,
    "high": null,
    "qty": 0.0,
    "last_trade": 1782643554.4594557
  },
  "ETHUSDT": {
    "in_position": false,
    "entry": null,
    "high": null,
    "qty": 0.0,
    "last_trade": 1782665156.824718
  },
  "SOLUSDT": {
    "in_position": false,
    "entry": null,
    "high": null,
    "qty": 0.0,
    "last_trade": 1782709298.8894722
  },
  "BNBUSDT": {
    "in_position": false,
    "entry": null,
    "high": null,
    "qty": 0.0,
    "last_trade": 1782536482.7979474
  },
  "XRPUSDT": {
    "in_position": false,
    "entry": null,
    "high": null,
    "qty": 0.0,
    "last_trade": 1782559865.4192255
  },
  "ADAUSDT": {
    "in_position": true,
    "entry": 0.1439,
    "high": 0.1439,
    "qty": 2747.614548576182,
    "last_trade": 1782709310.3829067
  },
  "AVAXUSDT": {
    "in_position": true,
    "entry": 6.433,
    "high": 6.655,
    "qty": 1308.488606564822,
    "last_trade": 1782679564.8296952
  },
  "LINKUSDT": {
    "in_position": true,
    "entry": 7.307,
    "high": 7.36,
    "qty": 2.852834689242543,
    "last_trade": 1782702095.365023
  },
  "LTCUSDT": {
    "in_position": false,
    "entry": null,
    "high": null,
    "qty": 0.0,
    "last_trade": 1782699358.986293
  },
  "DOGEUSDT": {
    "in_position": false,
    "entry": null,
    "high": null,
    "qty": 0.0,
    "last_trade": 1782587756.7779338
  }
}