{
  "_meta": {
    "cash": 1.1002621619164152,
    "peak_equity": 10390.48381505795
  },
  "BTCUSDT": {
    "in_position": true,
    "entry": 60302.82,
    "high": 60629.37,
    "qty": 0.13852816156479877,
    "last_trade": 1782456369.5537915
  },
  "ETHUSDT": {
    "in_position": false,
    "entry": null,
    "high": null,
    "qty": 0.0,
    "last_trade": 1782395160.8865907
  },
  "SOLUSDT": {
    "in_position": false,
    "entry": null,
    "high": null,
    "qty": 0.0,
    "last_trade": 1782440158.1522202
  },
  "BNBUSDT": {
    "in_position": false,
    "entry": null,
    "high": null,
    "qty": 0.0,
    "last_trade": 1782440158.1522264
  },
  "XRPUSDT": {
    "in_position": false,
    "entry": null,
    "high": null,
    "qty": 0.0,
    "last_trade": 1782387071.1330743
  },
  "ADAUSDT": {
    "in_position": true,
    "entry": 0.1451,
    "high": 0.147,
    "qty": 143.92899365563386,
    "last_trade": 1782457292.9808486
  },
  "AVAXUSDT": {
    "in_position": false,
    "entry": null,
    "high": null,
    "qty": 0.0,
    "last_trade": 1782376324.599183
  },
  "LINKUSDT": {
    "in_position": false,
    "entry": null,
    "high": null,
    "qty": 0.0,
    "last_trade": 1782384358.4666238
  },
  "LTCUSDT": {
    "in_position": false,
    "entry": null,
    "high": null,
    "qty": 0.0,
    "last_trade": 1782437471.8833275
  },
  "DOGEUSDT": {
    "in_position": true,
    "entry": 0.07509,
    "high": 0.07514,
    "qty": 5562.417626696626,
    "last_trade": 1782456379.0453038
  }
}