{
  "_meta": {
    "cash": 1.084707766524975,
    "peak_equity": 10390.48381505795
  },
  "BTCUSDT": {
    "in_position": false,
    "entry": null,
    "high": null,
    "qty": 0.0,
    "last_trade": 1783206960.5352054
  },
  "ETHUSDT": {
    "in_position": false,
    "entry": null,
    "high": null,
    "qty": 0.0,
    "last_trade": 1783196994.6800916
  },
  "SOLUSDT": {
    "in_position": false,
    "entry": null,
    "high": null,
    "qty": 0.0,
    "last_trade": 1783158364.7280586
  },
  "BNBUSDT": {
    "in_position": true,
    "entry": 575.93,
    "high": 584.73,
    "qty": 14.29955633863092,
    "last_trade": 1783239372.0186274
  },
  "XRPUSDT": {
    "in_position": false,
    "entry": null,
    "high": null,
    "qty": 0.0,
    "last_trade": 1783196994.6801035
  },
  "ADAUSDT": {
    "in_position": false,
    "entry": null,
    "high": null,
    "qty": 0.0,
    "last_trade": 1783229476.333379
  },
  "AVAXUSDT": {
    "in_position": true,
    "entry": 6.88,
    "high": 6.88,
    "qty": 2.992566672277506,
    "last_trade": 1783257363.5588536
  },
  "LINKUSDT": {
    "in_position": false,
    "entry": null,
    "high": null,
    "qty": 0.0,
    "last_trade": 1783206960.5352294
  },
  "LTCUSDT": {
    "in_position": true,
    "entry": 44.68,
    "high": 44.88,
    "qty": 9.216140870756162,
    "last_trade": 1783251968.582887
  },
  "DOGEUSDT": {
    "in_position": false,
    "entry": null,
    "high": null,
    "qty": 0.0,
    "last_trade": 1783206960.5352352
  }
}