{
  "_meta": {
    "cash": 1.150787438982423,
    "peak_equity": 10390.48381505795
  },
  "BTCUSDT": {
    "in_position": true,
    "entry": 64484.01,
    "high": 65521.31,
    "qty": 0.13457432817444354,
    "last_trade": 1782096362.9887536
  },
  "ETHUSDT": {
    "in_position": false,
    "entry": null,
    "high": null,
    "qty": 0.0,
    "last_trade": 1782138677.9704103
  },
  "SOLUSDT": {
    "in_position": false,
    "entry": null,
    "high": null,
    "qty": 0.0,
    "last_trade": 1782138677.9704158
  },
  "BNBUSDT": {
    "in_position": true,
    "entry": 597.21,
    "high": 597.21,
    "qty": 0.7315054410490003,
    "last_trade": 1782138694.3333676
  },
  "XRPUSDT": {
    "in_position": true,
    "entry": 1.1445,
    "high": 1.1445,
    "qty": 19.085293335468446,
    "last_trade": 1782138708.6937315
  },
  "ADAUSDT": {
    "in_position": false,
    "entry": null,
    "high": null,
    "qty": 0.0,
    "last_trade": 1782065197.6999938
  },
  "AVAXUSDT": {
    "in_position": false,
    "entry": null,
    "high": null,
    "qty": 0.0,
    "last_trade": 1782065197.7000012
  },
  "LINKUSDT": {
    "in_position": false,
    "entry": null,
    "high": null,
    "qty": 0.0,
    "last_trade": 1782064881.1455142
  },
  "LTCUSDT": {
    "in_position": false,
    "entry": null,
    "high": null,
    "qty": 0.0,
    "last_trade": 1782060367.229651
  },
  "DOGEUSDT": {
    "in_position": false,
    "entry": null,
    "high": null,
    "qty": 0.0,
    "last_trade": 1782076567.8291671
  }
}