{
  "_meta": {
    "cash": 51.86369550844415,
    "peak_equity": 10390.48381505795
  },
  "BTCUSDT": {
    "in_position": true,
    "entry": 60341.51,
    "high": 62087.83,
    "qty": 0.11324066526799244,
    "last_trade": 1782980188.955797
  },
  "ETHUSDT": {
    "in_position": true,
    "entry": 1619.51,
    "high": 1716.68,
    "qty": 0.21096235082448467,
    "last_trade": 1782981090.903622
  },
  "SOLUSDT": {
    "in_position": false,
    "entry": null,
    "high": null,
    "qty": 0.0,
    "last_trade": 1783003576.3068805
  },
  "BNBUSDT": {
    "in_position": false,
    "entry": null,
    "high": null,
    "qty": 0.0,
    "last_trade": 1783022486.5602908
  },
  "XRPUSDT": {
    "in_position": false,
    "entry": null,
    "high": null,
    "qty": 0.0,
    "last_trade": 1783009886.5420377
  },
  "ADAUSDT": {
    "in_position": false,
    "entry": null,
    "high": null,
    "qty": 0.0,
    "last_trade": 1783020682.0845008
  },
  "AVAXUSDT": {
    "in_position": false,
    "entry": null,
    "high": null,
    "qty": 0.0,
    "last_trade": 1782949460.1885586
  },
  "LINKUSDT": {
    "in_position": true,
    "entry": 7.74,
    "high": 7.787,
    "qty": 54.56383862083145,
    "last_trade": 1783009898.177416
  },
  "LTCUSDT": {
    "in_position": true,
    "entry": 43.51,
    "high": 43.51,
    "qty": 0.911327739225171,
    "last_trade": 1783020706.2938757
  },
  "DOGEUSDT": {
    "in_position": true,
    "entry": 0.07417,
    "high": 0.07417,
    "qty": 13272.560184327416,
    "last_trade": 1783022506.590386
  }
}