{
  "_meta": {
    "cash": 5.361821226021377,
    "peak_equity": 10390.48381505795
  },
  "BTCUSDT": {
    "in_position": false,
    "entry": null,
    "high": null,
    "qty": 0.0,
    "last_trade": 1782018958.1236916
  },
  "ETHUSDT": {
    "in_position": false,
    "entry": null,
    "high": null,
    "qty": 0.0,
    "last_trade": 1782030668.360234
  },
  "SOLUSDT": {
    "in_position": true,
    "entry": 73.11,
    "high": 73.28,
    "qty": 1.3920507517978726,
    "last_trade": 1782032511.0177944
  },
  "BNBUSDT": {
    "in_position": false,
    "entry": null,
    "high": null,
    "qty": 0.0,
    "last_trade": 1782031562.4441264
  },
  "XRPUSDT": {
    "in_position": false,
    "entry": null,
    "high": null,
    "qty": 0.0,
    "last_trade": 1781962267.960963
  },
  "ADAUSDT": {
    "in_position": false,
    "entry": null,
    "high": null,
    "qty": 0.0,
    "last_trade": 1781962267.960967
  },
  "AVAXUSDT": {
    "in_position": true,
    "entry": 6.133,
    "high": 6.324,
    "qty": 1297.9595886195734,
    "last_trade": 1781963171.7942169
  },
  "LINKUSDT": {
    "in_position": false,
    "entry": null,
    "high": null,
    "qty": 0.0,
    "last_trade": 1781838954.2204902
  },
  "LTCUSDT": {
    "in_position": true,
    "entry": 44.47,
    "high": 44.88,
    "qty": 22.99973244601819,
    "last_trade": 1782018970.872052
  },
  "DOGEUSDT": {
    "in_position": false,
    "entry": null,
    "high": null,
    "qty": 0.0,
    "last_trade": 1781962267.960978
  }
}