{
  "_meta": {
    "cash": 1.0898392012285214,
    "peak_equity": 10390.48381505795
  },
  "BTCUSDT": {
    "in_position": false,
    "entry": null,
    "high": null,
    "qty": 0.0,
    "last_trade": 1783308677.787798
  },
  "ETHUSDT": {
    "in_position": true,
    "entry": 1789.33,
    "high": 1798.66,
    "qty": 4.624358517384057,
    "last_trade": 1783355508.0232477
  },
  "SOLUSDT": {
    "in_position": true,
    "entry": 81.84,
    "high": 82.11,
    "qty": 5.05529290439325,
    "last_trade": 1783355519.9420857
  },
  "BNBUSDT": {
    "in_position": false,
    "entry": null,
    "high": null,
    "qty": 0.0,
    "last_trade": 1783304157.526497
  },
  "XRPUSDT": {
    "in_position": false,
    "entry": null,
    "high": null,
    "qty": 0.0,
    "last_trade": 1783314964.2549114
  },
  "ADAUSDT": {
    "in_position": false,
    "entry": null,
    "high": null,
    "qty": 0.0,
    "last_trade": 1783306882.0702696
  },
  "AVAXUSDT": {
    "in_position": true,
    "entry": 6.937,
    "high": 6.989,
    "qty": 2.9820179565773697,
    "last_trade": 1783355536.6559756
  },
  "LINKUSDT": {
    "in_position": false,
    "entry": null,
    "high": null,
    "qty": 0.0,
    "last_trade": 1783296143.0174327
  },
  "LTCUSDT": {
    "in_position": false,
    "entry": null,
    "high": null,
    "qty": 0.0,
    "last_trade": 1783304170.1799595
  },
  "DOGEUSDT": {
    "in_position": false,
    "entry": null,
    "high": null,
    "qty": 0.0,
    "last_trade": 1783297904.1192565
  }
}