{
  "_meta": {
    "cash": 21.253600292813815,
    "peak_equity": 10390.48381505795
  },
  "BTCUSDT": {
    "in_position": false,
    "entry": null,
    "high": null,
    "qty": 0.0,
    "last_trade": 1782144089.1769402
  },
  "ETHUSDT": {
    "in_position": false,
    "entry": null,
    "high": null,
    "qty": 0.0,
    "last_trade": 1782138677.9704103
  },
  "SOLUSDT": {
    "in_position": false,
    "entry": null,
    "high": null,
    "qty": 0.0,
    "last_trade": 1782138677.9704158
  },
  "BNBUSDT": {
    "in_position": true,
    "entry": 578.84,
    "high": 580.59,
    "qty": 0.03689324265505547,
    "last_trade": 1782259298.1846828
  },
  "XRPUSDT": {
    "in_position": false,
    "entry": null,
    "high": null,
    "qty": 0.0,
    "last_trade": 1782270958.3509743
  },
  "ADAUSDT": {
    "in_position": true,
    "entry": 0.1524,
    "high": 0.1524,
    "qty": 2647.079990635745,
    "last_trade": 1782270968.6518645
  },
  "AVAXUSDT": {
    "in_position": true,
    "entry": 6.244,
    "high": 6.53,
    "qty": 1368.0515425017495,
    "last_trade": 1782220581.033486
  },
  "LINKUSDT": {
    "in_position": false,
    "entry": null,
    "high": null,
    "qty": 0.0,
    "last_trade": 1782064881.1455142
  },
  "LTCUSDT": {
    "in_position": false,
    "entry": null,
    "high": null,
    "qty": 0.0,
    "last_trade": 1782060367.229651
  },
  "DOGEUSDT": {
    "in_position": false,
    "entry": null,
    "high": null,
    "qty": 0.0,
    "last_trade": 1782076567.8291671
  }
}