{
  "_meta": {
    "cash": 70.41093720300182,
    "peak_equity": 10390.48381505795
  },
  "BTCUSDT": {
    "in_position": false,
    "entry": null,
    "high": null,
    "qty": 0.0,
    "last_trade": 1783784770.6291502
  },
  "ETHUSDT": {
    "in_position": true,
    "entry": 1789.95,
    "high": 1828.16,
    "qty": 3.803659231576127,
    "last_trade": 1783696600.2649896
  },
  "SOLUSDT": {
    "in_position": false,
    "entry": null,
    "high": null,
    "qty": 0.0,
    "last_trade": 1783788370.0031028
  },
  "BNBUSDT": {
    "in_position": true,
    "entry": 579.4,
    "high": 581.38,
    "qty": 0.06473403725504037,
    "last_trade": 1783784790.733803
  },
  "XRPUSDT": {
    "in_position": true,
    "entry": 1.1128,
    "high": 1.1186,
    "qty": 21.423272755210352,
    "last_trade": 1783788390.027348
  },
  "ADAUSDT": {
    "in_position": false,
    "entry": null,
    "high": null,
    "qty": 0.0,
    "last_trade": 1783694775.2413063
  },
  "AVAXUSDT": {
    "in_position": false,
    "entry": null,
    "high": null,
    "qty": 0.0,
    "last_trade": 1783728971.5137653
  },
  "LINKUSDT": {
    "in_position": false,
    "entry": null,
    "high": null,
    "qty": 0.0,
    "last_trade": 1783805499.3586702
  },
  "LTCUSDT": {
    "in_position": true,
    "entry": 45.38,
    "high": 45.38,
    "qty": 29.450668477776833,
    "last_trade": 1783805510.2669766
  },
  "DOGEUSDT": {
    "in_position": true,
    "entry": 0.07414,
    "high": 0.07546,
    "qty": 939.196790810532,
    "last_trade": 1783731818.3912957
  }
}