{
  "_meta": {
    "cash": 2.694265526253453,
    "peak_equity": 10390.48381505795
  },
  "BTCUSDT": {
    "in_position": false,
    "entry": null,
    "high": null,
    "qty": 0.0,
    "last_trade": 1782018958.1236916
  },
  "ETHUSDT": {
    "in_position": true,
    "entry": 1736.1,
    "high": 1737.24,
    "qty": 0.029456773857336353,
    "last_trade": 1782019883.107572
  },
  "SOLUSDT": {
    "in_position": false,
    "entry": null,
    "high": null,
    "qty": 0.0,
    "last_trade": 1782005482.3079019
  },
  "BNBUSDT": {
    "in_position": true,
    "entry": 587.87,
    "high": 591.52,
    "qty": 0.0913391988412258,
    "last_trade": 1782005492.9401453
  },
  "XRPUSDT": {
    "in_position": false,
    "entry": null,
    "high": null,
    "qty": 0.0,
    "last_trade": 1781962267.960963
  },
  "ADAUSDT": {
    "in_position": false,
    "entry": null,
    "high": null,
    "qty": 0.0,
    "last_trade": 1781962267.960967
  },
  "AVAXUSDT": {
    "in_position": true,
    "entry": 6.133,
    "high": 6.324,
    "qty": 1297.9595886195734,
    "last_trade": 1781963171.7942169
  },
  "LINKUSDT": {
    "in_position": false,
    "entry": null,
    "high": null,
    "qty": 0.0,
    "last_trade": 1781838954.2204902
  },
  "LTCUSDT": {
    "in_position": true,
    "entry": 44.47,
    "high": 44.88,
    "qty": 22.99973244601819,
    "last_trade": 1782018970.872052
  },
  "DOGEUSDT": {
    "in_position": false,
    "entry": null,
    "high": null,
    "qty": 0.0,
    "last_trade": 1781962267.960978
  }
}