{
  "_meta": {
    "cash": 5.178160587844687,
    "peak_equity": 10390.48381505795
  },
  "BTCUSDT": {
    "in_position": false,
    "entry": null,
    "high": null,
    "qty": 0.0,
    "last_trade": 1782049575.432373
  },
  "ETHUSDT": {
    "in_position": false,
    "entry": null,
    "high": null,
    "qty": 0.0,
    "last_trade": 1782030668.360234
  },
  "SOLUSDT": {
    "in_position": false,
    "entry": null,
    "high": null,
    "qty": 0.0,
    "last_trade": 1782043287.8265333
  },
  "BNBUSDT": {
    "in_position": true,
    "entry": 589.75,
    "high": 590.99,
    "qty": 1.6846749468933153,
    "last_trade": 1782061292.5817068
  },
  "XRPUSDT": {
    "in_position": false,
    "entry": null,
    "high": null,
    "qty": 0.0,
    "last_trade": 1781962267.960963
  },
  "ADAUSDT": {
    "in_position": true,
    "entry": 0.1617,
    "high": 0.1623,
    "qty": 307.2161564410439,
    "last_trade": 1782061302.8333662
  },
  "AVAXUSDT": {
    "in_position": true,
    "entry": 6.133,
    "high": 6.331,
    "qty": 1297.9595886195734,
    "last_trade": 1781963171.7942169
  },
  "LINKUSDT": {
    "in_position": false,
    "entry": null,
    "high": null,
    "qty": 0.0,
    "last_trade": 1782064881.1455142
  },
  "LTCUSDT": {
    "in_position": false,
    "entry": null,
    "high": null,
    "qty": 0.0,
    "last_trade": 1782060367.229651
  },
  "DOGEUSDT": {
    "in_position": true,
    "entry": 0.0834,
    "high": 0.0834,
    "qty": 1178.498374156408,
    "last_trade": 1782064892.9536452
  }
}