{
  "_meta": {
    "cash": 0.9982894478237476,
    "peak_equity": 10390.48381505795
  },
  "BTCUSDT": {
    "in_position": false,
    "entry": null,
    "high": null,
    "qty": 0.0,
    "last_trade": 1782949567.8040946
  },
  "ETHUSDT": {
    "in_position": false,
    "entry": null,
    "high": null,
    "qty": 0.0,
    "last_trade": 1782950486.3610706
  },
  "SOLUSDT": {
    "in_position": false,
    "entry": null,
    "high": null,
    "qty": 0.0,
    "last_trade": 1782952279.7780802
  },
  "BNBUSDT": {
    "in_position": true,
    "entry": 550.68,
    "high": 550.68,
    "qty": 13.763747336161437,
    "last_trade": 1782955885.4479115
  },
  "XRPUSDT": {
    "in_position": true,
    "entry": 1.0559,
    "high": 1.057,
    "qty": 358.908058673993,
    "last_trade": 1782955896.268075
  },
  "ADAUSDT": {
    "in_position": true,
    "entry": 0.1543,
    "high": 0.1547,
    "qty": 122.80331145621173,
    "last_trade": 1782955914.320442
  },
  "AVAXUSDT": {
    "in_position": false,
    "entry": null,
    "high": null,
    "qty": 0.0,
    "last_trade": 1782949460.1885586
  },
  "LINKUSDT": {
    "in_position": true,
    "entry": 7.397,
    "high": 7.418,
    "qty": 2.965664508175475,
    "last_trade": 1782949469.1745687
  },
  "LTCUSDT": {
    "in_position": true,
    "entry": 42.79,
    "high": 42.89,
    "qty": 16.952345738013346,
    "last_trade": 1782949587.8293548
  },
  "DOGEUSDT": {
    "in_position": false,
    "entry": null,
    "high": null,
    "qty": 0.0,
    "last_trade": 1782868559.6276457
  }
}