{
  "_meta": {
    "cash": 1.1600712378362381,
    "peak_equity": 10390.48381505795
  },
  "BTCUSDT": {
    "in_position": true,
    "entry": 59397.89,
    "high": 60816.49,
    "qty": 0.012708460045912792,
    "last_trade": 1782914493.5552704
  },
  "ETHUSDT": {
    "in_position": true,
    "entry": 1595.24,
    "high": 1631.56,
    "qty": 0.02365962839060343,
    "last_trade": 1782914505.615699
  },
  "SOLUSDT": {
    "in_position": true,
    "entry": 74.75,
    "high": 78.37,
    "qty": 102.67181398308334,
    "last_trade": 1782887490.3933625
  },
  "BNBUSDT": {
    "in_position": false,
    "entry": null,
    "high": null,
    "qty": 0.0,
    "last_trade": 1782888370.9186866
  },
  "XRPUSDT": {
    "in_position": false,
    "entry": null,
    "high": null,
    "qty": 0.0,
    "last_trade": 1782902766.0112157
  },
  "ADAUSDT": {
    "in_position": false,
    "entry": null,
    "high": null,
    "qty": 0.0,
    "last_trade": 1782934295.0981636
  },
  "AVAXUSDT": {
    "in_position": true,
    "entry": 6.698,
    "high": 6.78,
    "qty": 3.287449116856342,
    "last_trade": 1782934306.1389415
  },
  "LINKUSDT": {
    "in_position": false,
    "entry": null,
    "high": null,
    "qty": 0.0,
    "last_trade": 1782908171.931495
  },
  "LTCUSDT": {
    "in_position": false,
    "entry": null,
    "high": null,
    "qty": 0.0,
    "last_trade": 1782901878.023798
  },
  "DOGEUSDT": {
    "in_position": false,
    "entry": null,
    "high": null,
    "qty": 0.0,
    "last_trade": 1782868559.6276457
  }
}