{
  "_meta": {
    "cash": 1.2390670892822442,
    "peak_equity": 10390.48381505795
  },
  "BTCUSDT": {
    "in_position": true,
    "entry": 66481.93,
    "high": 66594.01,
    "qty": 0.0003537616302718983,
    "last_trade": 1781597769.835207
  },
  "ETHUSDT": {
    "in_position": false,
    "entry": null,
    "high": null,
    "qty": 0.0,
    "last_trade": 1781556371.0554109
  },
  "SOLUSDT": {
    "in_position": true,
    "entry": 74.26,
    "high": 75.01,
    "qty": 126.68330697776496,
    "last_trade": 1781594174.3358872
  },
  "BNBUSDT": {
    "in_position": false,
    "entry": null,
    "high": null,
    "qty": 0.0,
    "last_trade": 1781515906.8739438
  },
  "XRPUSDT": {
    "in_position": false,
    "entry": null,
    "high": null,
    "qty": 0.0,
    "last_trade": 1781558166.4718285
  },
  "ADAUSDT": {
    "in_position": false,
    "entry": null,
    "high": null,
    "qty": 0.0,
    "last_trade": 1781557296.3910403
  },
  "AVAXUSDT": {
    "in_position": true,
    "entry": 6.918,
    "high": 6.989,
    "qty": 67.99293420185663,
    "last_trade": 1781596897.759208
  },
  "LINKUSDT": {
    "in_position": false,
    "entry": null,
    "high": null,
    "qty": 0.0,
    "last_trade": 0
  },
  "LTCUSDT": {
    "in_position": false,
    "entry": null,
    "high": null,
    "qty": 0.0,
    "last_trade": 1781577070.3920884
  },
  "DOGEUSDT": {
    "in_position": false,
    "entry": null,
    "high": null,
    "qty": 0.0,
    "last_trade": 1781551873.5054367
  }
}