{
  "_meta": {
    "cash": 8705.42232879329,
    "peak_equity": 10390.48381505795
  },
  "BTCUSDT": {
    "in_position": true,
    "entry": 62707.59,
    "high": 62903.94,
    "qty": 0.0003216636060904985,
    "last_trade": 1782271905.094353
  },
  "ETHUSDT": {
    "in_position": true,
    "entry": 1672.52,
    "high": 1677.32,
    "qty": 0.26087969737292466,
    "last_trade": 1782279106.6466696
  },
  "SOLUSDT": {
    "in_position": false,
    "entry": null,
    "high": null,
    "qty": 0.0,
    "last_trade": 1782291686.6143522
  },
  "BNBUSDT": {
    "in_position": false,
    "entry": null,
    "high": null,
    "qty": 0.0,
    "last_trade": 1782275479.462683
  },
  "XRPUSDT": {
    "in_position": false,
    "entry": null,
    "high": null,
    "qty": 0.0,
    "last_trade": 1782270958.3509743
  },
  "ADAUSDT": {
    "in_position": false,
    "entry": null,
    "high": null,
    "qty": 0.0,
    "last_trade": 1782282678.3825998
  },
  "AVAXUSDT": {
    "in_position": false,
    "entry": null,
    "high": null,
    "qty": 0.0,
    "last_trade": 1782273707.8430538
  },
  "LINKUSDT": {
    "in_position": true,
    "entry": 7.644,
    "high": 7.644,
    "qty": 2.8428290740801065,
    "last_trade": 1782281773.8288436
  },
  "LTCUSDT": {
    "in_position": false,
    "entry": null,
    "high": null,
    "qty": 0.0,
    "last_trade": 1782060367.229651
  },
  "DOGEUSDT": {
    "in_position": false,
    "entry": null,
    "high": null,
    "qty": 0.0,
    "last_trade": 1782280889.06621
  }
}