{
  "_meta": {
    "cash": 539.8042993126387,
    "peak_equity": 10390.48381505795
  },
  "BTCUSDT": {
    "in_position": false,
    "entry": null,
    "high": null,
    "qty": 0.0,
    "last_trade": 1781551873.5054102
  },
  "ETHUSDT": {
    "in_position": false,
    "entry": null,
    "high": null,
    "qty": 0.0,
    "last_trade": 1781556371.0554109
  },
  "SOLUSDT": {
    "in_position": true,
    "entry": 71.17,
    "high": 76.01,
    "qty": 0.32034606284750355,
    "last_trade": 1781515906.8739128
  },
  "BNBUSDT": {
    "in_position": false,
    "entry": null,
    "high": null,
    "qty": 0.0,
    "last_trade": 1781515906.8739438
  },
  "XRPUSDT": {
    "in_position": true,
    "entry": 1.1849,
    "high": 1.2915,
    "qty": 379.15561101564043,
    "last_trade": 1781515914.8011124
  },
  "ADAUSDT": {
    "in_position": true,
    "entry": 0.1865,
    "high": 0.1865,
    "qty": 43492.36238269084,
    "last_trade": 1781552783.8682134
  },
  "AVAXUSDT": {
    "in_position": true,
    "entry": 6.937,
    "high": 6.937,
    "qty": 159.9029962390849,
    "last_trade": 1781552793.1653488
  },
  "LINKUSDT": {
    "in_position": false,
    "entry": null,
    "high": null,
    "qty": 0.0,
    "last_trade": 0
  },
  "LTCUSDT": {
    "in_position": false,
    "entry": null,
    "high": null,
    "qty": 0.0,
    "last_trade": 1781515026.236357
  },
  "DOGEUSDT": {
    "in_position": false,
    "entry": null,
    "high": null,
    "qty": 0.0,
    "last_trade": 1781551873.5054367
  }
}