{
  "_meta": {
    "cash": 21.780404310459517,
    "peak_equity": 10390.48381505795
  },
  "BTCUSDT": {
    "in_position": false,
    "entry": null,
    "high": null,
    "qty": 0.0,
    "last_trade": 1783308677.787798
  },
  "ETHUSDT": {
    "in_position": false,
    "entry": null,
    "high": null,
    "qty": 0.0,
    "last_trade": 1783381594.3497062
  },
  "SOLUSDT": {
    "in_position": false,
    "entry": null,
    "high": null,
    "qty": 0.0,
    "last_trade": 1783382501.9374366
  },
  "BNBUSDT": {
    "in_position": true,
    "entry": 586.78,
    "high": 586.78,
    "qty": 13.45582019862061,
    "last_trade": 1783381616.4920268
  },
  "XRPUSDT": {
    "in_position": true,
    "entry": 1.1458,
    "high": 1.146,
    "qty": 344.54556537557283,
    "last_trade": 1783381636.5715027
  },
  "ADAUSDT": {
    "in_position": true,
    "entry": 0.1845,
    "high": 0.1845,
    "qty": 106.98653355212237,
    "last_trade": 1783381658.7318187
  },
  "AVAXUSDT": {
    "in_position": false,
    "entry": null,
    "high": null,
    "qty": 0.0,
    "last_trade": 1783382501.9374511
  },
  "LINKUSDT": {
    "in_position": true,
    "entry": 8.026,
    "high": 8.026,
    "qty": 51.509377975466975,
    "last_trade": 1783382516.0373533
  },
  "LTCUSDT": {
    "in_position": false,
    "entry": null,
    "high": null,
    "qty": 0.0,
    "last_trade": 1783304170.1799595
  },
  "DOGEUSDT": {
    "in_position": false,
    "entry": null,
    "high": null,
    "qty": 0.0,
    "last_trade": 1783297904.1192565
  }
}