{
  "_meta": {
    "cash": 17.999857495818105,
    "peak_equity": 10390.48381505795
  },
  "BTCUSDT": {
    "in_position": true,
    "entry": 60341.51,
    "high": 61282.56,
    "qty": 0.11324066526799244,
    "last_trade": 1782980188.955797
  },
  "ETHUSDT": {
    "in_position": true,
    "entry": 1619.51,
    "high": 1650.0,
    "qty": 0.21096235082448467,
    "last_trade": 1782981090.903622
  },
  "SOLUSDT": {
    "in_position": true,
    "entry": 77.9,
    "high": 82.54,
    "qty": 13.404967135346364,
    "last_trade": 1782976589.145527
  },
  "BNBUSDT": {
    "in_position": false,
    "entry": null,
    "high": null,
    "qty": 0.0,
    "last_trade": 1782957126.9739738
  },
  "XRPUSDT": {
    "in_position": true,
    "entry": 1.0559,
    "high": 1.0845,
    "qty": 358.908058673993,
    "last_trade": 1782955896.268075
  },
  "ADAUSDT": {
    "in_position": true,
    "entry": 0.1543,
    "high": 0.1596,
    "qty": 122.80331145621173,
    "last_trade": 1782955914.320442
  },
  "AVAXUSDT": {
    "in_position": false,
    "entry": null,
    "high": null,
    "qty": 0.0,
    "last_trade": 1782949460.1885586
  },
  "LINKUSDT": {
    "in_position": false,
    "entry": null,
    "high": null,
    "qty": 0.0,
    "last_trade": 1782976589.145572
  },
  "LTCUSDT": {
    "in_position": false,
    "entry": null,
    "high": null,
    "qty": 0.0,
    "last_trade": 1782975679.82507
  },
  "DOGEUSDT": {
    "in_position": false,
    "entry": null,
    "high": null,
    "qty": 0.0,
    "last_trade": 1782977475.8377101
  }
}