{
  "_meta": {
    "cash": 20.118870866585667,
    "peak_equity": 10390.48381505795
  },
  "BTCUSDT": {
    "in_position": false,
    "entry": null,
    "high": null,
    "qty": 0.0,
    "last_trade": 1782779471.943715
  },
  "ETHUSDT": {
    "in_position": false,
    "entry": null,
    "high": null,
    "qty": 0.0,
    "last_trade": 1782887478.797379
  },
  "SOLUSDT": {
    "in_position": true,
    "entry": 74.75,
    "high": 75.17,
    "qty": 102.67181398308334,
    "last_trade": 1782887490.3933625
  },
  "BNBUSDT": {
    "in_position": false,
    "entry": null,
    "high": null,
    "qty": 0.0,
    "last_trade": 1782888370.9186866
  },
  "XRPUSDT": {
    "in_position": true,
    "entry": 1.0478,
    "high": 1.0478,
    "qty": 366.2301057088898,
    "last_trade": 1782887504.9443696
  },
  "ADAUSDT": {
    "in_position": true,
    "entry": 0.1465,
    "high": 0.1518,
    "qty": 138.33361631762037,
    "last_trade": 1782873982.7091925
  },
  "AVAXUSDT": {
    "in_position": true,
    "entry": 6.65,
    "high": 6.659,
    "qty": 2.8852323666298836,
    "last_trade": 1782887523.570757
  },
  "LINKUSDT": {
    "in_position": false,
    "entry": null,
    "high": null,
    "qty": 0.0,
    "last_trade": 1782775890.1906338
  },
  "LTCUSDT": {
    "in_position": true,
    "entry": 42.4,
    "high": 42.4,
    "qty": 9.006525231022001,
    "last_trade": 1782889295.7574286
  },
  "DOGEUSDT": {
    "in_position": false,
    "entry": null,
    "high": null,
    "qty": 0.0,
    "last_trade": 1782868559.6276457
  }
}