{
  "_meta": {
    "cash": 1.0539289216914298,
    "peak_equity": 10390.48381505795
  },
  "BTCUSDT": {
    "in_position": false,
    "entry": null,
    "high": null,
    "qty": 0.0,
    "last_trade": 1783467967.6857722
  },
  "ETHUSDT": {
    "in_position": false,
    "entry": null,
    "high": null,
    "qty": 0.0,
    "last_trade": 1783460759.7545884
  },
  "SOLUSDT": {
    "in_position": false,
    "entry": null,
    "high": null,
    "qty": 0.0,
    "last_trade": 1783450906.3985178
  },
  "BNBUSDT": {
    "in_position": false,
    "entry": null,
    "high": null,
    "qty": 0.0,
    "last_trade": 1783457159.6971776
  },
  "XRPUSDT": {
    "in_position": true,
    "entry": 1.09,
    "high": 1.0924,
    "qty": 18.352885199330206,
    "last_trade": 1783547207.4653037
  },
  "ADAUSDT": {
    "in_position": false,
    "entry": null,
    "high": null,
    "qty": 0.0,
    "last_trade": 1783390559.465302
  },
  "AVAXUSDT": {
    "in_position": true,
    "entry": 6.464,
    "high": 6.466,
    "qty": 61.8955596140776,
    "last_trade": 1783546994.797057
  },
  "LINKUSDT": {
    "in_position": false,
    "entry": null,
    "high": null,
    "qty": 0.0,
    "last_trade": 1783450906.3985338
  },
  "LTCUSDT": {
    "in_position": false,
    "entry": null,
    "high": null,
    "qty": 0.0,
    "last_trade": 1783304170.1799595
  },
  "DOGEUSDT": {
    "in_position": true,
    "entry": 0.07252,
    "high": 0.07264,
    "qty": 110340.0158150572,
    "last_trade": 1783537319.7216485
  }
}