{
  "_meta": {
    "cash": 1.3306278748247564,
    "peak_equity": 10390.48381505795
  },
  "BTCUSDT": {
    "in_position": true,
    "entry": 62569.02,
    "high": 63366.0,
    "qty": 0.005803691606503176,
    "last_trade": 1783167378.1731548
  },
  "ETHUSDT": {
    "in_position": false,
    "entry": null,
    "high": null,
    "qty": 0.0,
    "last_trade": 1783196994.6800916
  },
  "SOLUSDT": {
    "in_position": false,
    "entry": null,
    "high": null,
    "qty": 0.0,
    "last_trade": 1783158364.7280586
  },
  "BNBUSDT": {
    "in_position": false,
    "entry": null,
    "high": null,
    "qty": 0.0,
    "last_trade": 1783196994.6800995
  },
  "XRPUSDT": {
    "in_position": false,
    "entry": null,
    "high": null,
    "qty": 0.0,
    "last_trade": 1783196994.6801035
  },
  "ADAUSDT": {
    "in_position": true,
    "entry": 0.1918,
    "high": 0.1929,
    "qty": 26355.228035996548,
    "last_trade": 1783196999.5067868
  },
  "AVAXUSDT": {
    "in_position": true,
    "entry": 6.985,
    "high": 7.009,
    "qty": 452.3598438632284,
    "last_trade": 1783197004.4100196
  },
  "LINKUSDT": {
    "in_position": true,
    "entry": 8.035,
    "high": 8.066,
    "qty": 19.662311819444035,
    "last_trade": 1783197019.2343173
  },
  "LTCUSDT": {
    "in_position": false,
    "entry": null,
    "high": null,
    "qty": 0.0,
    "last_trade": 1783197019.234337
  },
  "DOGEUSDT": {
    "in_position": true,
    "entry": 0.07812,
    "high": 0.07826,
    "qty": 323.30610533437806,
    "last_trade": 1783197084.6545384
  }
}