{
  "_meta": {
    "cash": 59.372117642120884,
    "peak_equity": 10390.48381505795
  },
  "BTCUSDT": {
    "in_position": true,
    "entry": 60429.99,
    "high": 60838.01,
    "qty": 0.11455068062842853,
    "last_trade": 1782553565.6543326
  },
  "ETHUSDT": {
    "in_position": true,
    "entry": 1584.3,
    "high": 1606.91,
    "qty": 0.4691633451538606,
    "last_trade": 1782558090.7124186
  },
  "SOLUSDT": {
    "in_position": false,
    "entry": null,
    "high": null,
    "qty": 0.0,
    "last_trade": 1782562558.8883035
  },
  "BNBUSDT": {
    "in_position": false,
    "entry": null,
    "high": null,
    "qty": 0.0,
    "last_trade": 1782536482.7979474
  },
  "XRPUSDT": {
    "in_position": false,
    "entry": null,
    "high": null,
    "qty": 0.0,
    "last_trade": 1782559865.4192255
  },
  "ADAUSDT": {
    "in_position": false,
    "entry": null,
    "high": null,
    "qty": 0.0,
    "last_trade": 1782581477.8728564
  },
  "AVAXUSDT": {
    "in_position": false,
    "entry": null,
    "high": null,
    "qty": 0.0,
    "last_trade": 1782581477.8728616
  },
  "LINKUSDT": {
    "in_position": false,
    "entry": null,
    "high": null,
    "qty": 0.0,
    "last_trade": 1782558957.0437298
  },
  "LTCUSDT": {
    "in_position": true,
    "entry": 41.81,
    "high": 43.24,
    "qty": 0.9197157613633368,
    "last_trade": 1782506805.6608803
  },
  "DOGEUSDT": {
    "in_position": true,
    "entry": 0.0758,
    "high": 0.0758,
    "qty": 14867.325750770287,
    "last_trade": 1782581487.8697262
  }
}