{
  "_meta": {
    "cash": 1.09852940205187,
    "peak_equity": 10390.48381505795
  },
  "BTCUSDT": {
    "in_position": false,
    "entry": null,
    "high": null,
    "qty": 0.0,
    "last_trade": 1782643554.4594557
  },
  "ETHUSDT": {
    "in_position": true,
    "entry": 1581.63,
    "high": 1582.24,
    "qty": 0.013183366167532195,
    "last_trade": 1782645990.2695591
  },
  "SOLUSDT": {
    "in_position": true,
    "entry": 71.86,
    "high": 71.98,
    "qty": 5.836898568988204,
    "last_trade": 1782637291.0464396
  },
  "BNBUSDT": {
    "in_position": false,
    "entry": null,
    "high": null,
    "qty": 0.0,
    "last_trade": 1782536482.7979474
  },
  "XRPUSDT": {
    "in_position": false,
    "entry": null,
    "high": null,
    "qty": 0.0,
    "last_trade": 1782559865.4192255
  },
  "ADAUSDT": {
    "in_position": false,
    "entry": null,
    "high": null,
    "qty": 0.0,
    "last_trade": 1782581477.8728564
  },
  "AVAXUSDT": {
    "in_position": false,
    "entry": null,
    "high": null,
    "qty": 0.0,
    "last_trade": 1782581477.8728616
  },
  "LINKUSDT": {
    "in_position": false,
    "entry": null,
    "high": null,
    "qty": 0.0,
    "last_trade": 1782589555.9563878
  },
  "LTCUSDT": {
    "in_position": true,
    "entry": 42.49,
    "high": 43.16,
    "qty": 197.42976284654827,
    "last_trade": 1782634568.285111
  },
  "DOGEUSDT": {
    "in_position": false,
    "entry": null,
    "high": null,
    "qty": 0.0,
    "last_trade": 1782587756.7779338
  }
}