{
  "_meta": {
    "cash": 23.668986577680357,
    "peak_equity": 10292.804146964098
  },
  "BTCUSDT": {
    "in_position": true,
    "entry": 65640.8,
    "high": 66718.92,
    "qty": 0.1389320623323105,
    "last_trade": 1781515889.041586
  },
  "ETHUSDT": {
    "in_position": true,
    "entry": 1721.27,
    "high": 1815.07,
    "qty": 0.26490939007659237,
    "last_trade": 1781515897.817893
  },
  "SOLUSDT": {
    "in_position": true,
    "entry": 71.17,
    "high": 73.72,
    "qty": 0.32034606284750355,
    "last_trade": 1781515906.8739128
  },
  "BNBUSDT": {
    "in_position": false,
    "entry": null,
    "high": null,
    "qty": 0.0,
    "last_trade": 1781515906.8739438
  },
  "XRPUSDT": {
    "in_position": true,
    "entry": 1.1849,
    "high": 1.247,
    "qty": 379.15561101564043,
    "last_trade": 1781515914.8011124
  },
  "ADAUSDT": {
    "in_position": false,
    "entry": null,
    "high": null,
    "qty": 0.0,
    "last_trade": 0
  },
  "AVAXUSDT": {
    "in_position": false,
    "entry": null,
    "high": null,
    "qty": 0.0,
    "last_trade": 0
  },
  "LINKUSDT": {
    "in_position": false,
    "entry": null,
    "high": null,
    "qty": 0.0,
    "last_trade": 0
  },
  "LTCUSDT": {
    "in_position": false,
    "entry": null,
    "high": null,
    "qty": 0.0,
    "last_trade": 1781515026.236357
  },
  "DOGEUSDT": {
    "in_position": true,
    "entry": 0.08832,
    "high": 0.09053,
    "qty": 266.8605086738573,
    "last_trade": 1781478099.7136772
  }
}