{
  "_meta": {
    "cash": 23.50252564775559,
    "peak_equity": 10390.48381505795
  },
  "BTCUSDT": {
    "in_position": false,
    "entry": null,
    "high": null,
    "qty": 0.0,
    "last_trade": 1781615761.0138109
  },
  "ETHUSDT": {
    "in_position": true,
    "entry": 1805.45,
    "high": 1805.45,
    "qty": 0.012958211408018533,
    "last_trade": 1781615770.598829
  },
  "SOLUSDT": {
    "in_position": true,
    "entry": 74.26,
    "high": 75.25,
    "qty": 126.68330697776496,
    "last_trade": 1781594174.3358872
  },
  "BNBUSDT": {
    "in_position": false,
    "entry": null,
    "high": null,
    "qty": 0.0,
    "last_trade": 1781515906.8739438
  },
  "XRPUSDT": {
    "in_position": false,
    "entry": null,
    "high": null,
    "qty": 0.0,
    "last_trade": 1781558166.4718285
  },
  "ADAUSDT": {
    "in_position": false,
    "entry": null,
    "high": null,
    "qty": 0.0,
    "last_trade": 1781557296.3910403
  },
  "AVAXUSDT": {
    "in_position": false,
    "entry": null,
    "high": null,
    "qty": 0.0,
    "last_trade": 1781615779.1030803
  },
  "LINKUSDT": {
    "in_position": true,
    "entry": 8.322,
    "high": 8.322,
    "qty": 53.60512922637988,
    "last_trade": 1781615792.9036198
  },
  "LTCUSDT": {
    "in_position": false,
    "entry": null,
    "high": null,
    "qty": 0.0,
    "last_trade": 1781577070.3920884
  },
  "DOGEUSDT": {
    "in_position": false,
    "entry": null,
    "high": null,
    "qty": 0.0,
    "last_trade": 1781551873.5054367
  }
}