{
  "_meta": {
    "cash": 7937.658598090064,
    "peak_equity": 10390.48381505795
  },
  "BTCUSDT": {
    "in_position": true,
    "entry": 62364.96,
    "high": 63384.01,
    "qty": 0.006021035177750866,
    "last_trade": 1783575976.8233027
  },
  "ETHUSDT": {
    "in_position": true,
    "entry": 1749.18,
    "high": 1750.78,
    "qty": 0.02111342281986735,
    "last_trade": 1783636319.1196265
  },
  "SOLUSDT": {
    "in_position": false,
    "entry": null,
    "high": null,
    "qty": 0.0,
    "last_trade": 1783612894.7897208
  },
  "BNBUSDT": {
    "in_position": false,
    "entry": null,
    "high": null,
    "qty": 0.0,
    "last_trade": 1783635357.0925944
  },
  "XRPUSDT": {
    "in_position": false,
    "entry": null,
    "high": null,
    "qty": 0.0,
    "last_trade": 1783613765.8269818
  },
  "ADAUSDT": {
    "in_position": false,
    "entry": null,
    "high": null,
    "qty": 0.0,
    "last_trade": 1783587761.3326144
  },
  "AVAXUSDT": {
    "in_position": false,
    "entry": null,
    "high": null,
    "qty": 0.0,
    "last_trade": 1783628174.337132
  },
  "LINKUSDT": {
    "in_position": false,
    "entry": null,
    "high": null,
    "qty": 0.0,
    "last_trade": 1783639347.5527318
  },
  "LTCUSDT": {
    "in_position": false,
    "entry": null,
    "high": null,
    "qty": 0.0,
    "last_trade": 1783639347.5527375
  },
  "DOGEUSDT": {
    "in_position": false,
    "entry": null,
    "high": null,
    "qty": 0.0,
    "last_trade": 1783639347.552743
  }
}