{
  "_meta": {
    "cash": 413.7747099803029,
    "peak_equity": 10390.48381505795
  },
  "BTCUSDT": {
    "in_position": false,
    "entry": null,
    "high": null,
    "qty": 0.0,
    "last_trade": 1782468081.4170341
  },
  "ETHUSDT": {
    "in_position": false,
    "entry": null,
    "high": null,
    "qty": 0.0,
    "last_trade": 1782395160.8865907
  },
  "SOLUSDT": {
    "in_position": true,
    "entry": 69.06,
    "high": 69.15,
    "qty": 113.62148180491138,
    "last_trade": 1782468096.9340606
  },
  "BNBUSDT": {
    "in_position": true,
    "entry": 564.1,
    "high": 565.41,
    "qty": 0.6955060745831575,
    "last_trade": 1782468107.5998325
  },
  "XRPUSDT": {
    "in_position": false,
    "entry": null,
    "high": null,
    "qty": 0.0,
    "last_trade": 1782387071.1330743
  },
  "ADAUSDT": {
    "in_position": false,
    "entry": null,
    "high": null,
    "qty": 0.0,
    "last_trade": 1782468107.5998583
  },
  "AVAXUSDT": {
    "in_position": false,
    "entry": null,
    "high": null,
    "qty": 0.0,
    "last_trade": 1782376324.599183
  },
  "LINKUSDT": {
    "in_position": false,
    "entry": null,
    "high": null,
    "qty": 0.0,
    "last_trade": 1782384358.4666238
  },
  "LTCUSDT": {
    "in_position": true,
    "entry": 41.3,
    "high": 41.4,
    "qty": 0.9501114688199079,
    "last_trade": 1782468118.7213871
  },
  "DOGEUSDT": {
    "in_position": false,
    "entry": null,
    "high": null,
    "qty": 0.0,
    "last_trade": 1782468968.645081
  }
}