{
  "_meta": {
    "cash": 435.40041749681586,
    "peak_equity": 10390.48381505795
  },
  "BTCUSDT": {
    "in_position": false,
    "entry": null,
    "high": null,
    "qty": 0.0,
    "last_trade": 1782144089.1769402
  },
  "ETHUSDT": {
    "in_position": false,
    "entry": null,
    "high": null,
    "qty": 0.0,
    "last_trade": 1782138677.9704103
  },
  "SOLUSDT": {
    "in_position": false,
    "entry": null,
    "high": null,
    "qty": 0.0,
    "last_trade": 1782138677.9704158
  },
  "BNBUSDT": {
    "in_position": true,
    "entry": 597.21,
    "high": 598.54,
    "qty": 0.7315054410490003,
    "last_trade": 1782138694.3333676
  },
  "XRPUSDT": {
    "in_position": true,
    "entry": 1.1445,
    "high": 1.1463,
    "qty": 19.085293335468446,
    "last_trade": 1782138708.6937315
  },
  "ADAUSDT": {
    "in_position": false,
    "entry": null,
    "high": null,
    "qty": 0.0,
    "last_trade": 1782065197.6999938
  },
  "AVAXUSDT": {
    "in_position": true,
    "entry": 6.309,
    "high": 6.309,
    "qty": 1309.9292421700156,
    "last_trade": 1782145887.8857148
  },
  "LINKUSDT": {
    "in_position": false,
    "entry": null,
    "high": null,
    "qty": 0.0,
    "last_trade": 1782064881.1455142
  },
  "LTCUSDT": {
    "in_position": false,
    "entry": null,
    "high": null,
    "qty": 0.0,
    "last_trade": 1782060367.229651
  },
  "DOGEUSDT": {
    "in_position": false,
    "entry": null,
    "high": null,
    "qty": 0.0,
    "last_trade": 1782076567.8291671
  }
}