{
  "_meta": {
    "cash": 66.28927793008666,
    "peak_equity": 10390.48381505795
  },
  "BTCUSDT": {
    "in_position": false,
    "entry": null,
    "high": null,
    "qty": 0.0,
    "last_trade": 1783144893.8041792
  },
  "ETHUSDT": {
    "in_position": true,
    "entry": 1755.86,
    "high": 1759.45,
    "qty": 0.36709271860952175,
    "last_trade": 1783144906.0393767
  },
  "SOLUSDT": {
    "in_position": true,
    "entry": 82.7,
    "high": 82.71,
    "qty": 77.64342291997158,
    "last_trade": 1783146946.7627177
  },
  "BNBUSDT": {
    "in_position": false,
    "entry": null,
    "high": null,
    "qty": 0.0,
    "last_trade": 1783142158.6041021
  },
  "XRPUSDT": {
    "in_position": true,
    "entry": 1.0828,
    "high": 1.1476,
    "qty": 399.1351369200682,
    "last_trade": 1783033293.2381504
  },
  "ADAUSDT": {
    "in_position": false,
    "entry": null,
    "high": null,
    "qty": 0.0,
    "last_trade": 1783149365.3779802
  },
  "AVAXUSDT": {
    "in_position": false,
    "entry": null,
    "high": null,
    "qty": 0.0,
    "last_trade": 1783146678.448385
  },
  "LINKUSDT": {
    "in_position": true,
    "entry": 7.924,
    "high": 7.929,
    "qty": 158.788243643238,
    "last_trade": 1783152105.8746755
  },
  "LTCUSDT": {
    "in_position": false,
    "entry": null,
    "high": null,
    "qty": 0.0,
    "last_trade": 1783146678.4483926
  },
  "DOGEUSDT": {
    "in_position": false,
    "entry": null,
    "high": null,
    "qty": 0.0,
    "last_trade": 1783127758.1572404
  }
}