{
  "_meta": {
    "cash": 1.1250863085805634,
    "peak_equity": 10390.48381505795
  },
  "BTCUSDT": {
    "in_position": false,
    "entry": null,
    "high": null,
    "qty": 0.0,
    "last_trade": 1782144089.1769402
  },
  "ETHUSDT": {
    "in_position": false,
    "entry": null,
    "high": null,
    "qty": 0.0,
    "last_trade": 1782138677.9704103
  },
  "SOLUSDT": {
    "in_position": false,
    "entry": null,
    "high": null,
    "qty": 0.0,
    "last_trade": 1782138677.9704158
  },
  "BNBUSDT": {
    "in_position": true,
    "entry": 578.84,
    "high": 579.7,
    "qty": 0.03689324265505547,
    "last_trade": 1782259298.1846828
  },
  "XRPUSDT": {
    "in_position": true,
    "entry": 1.109,
    "high": 1.112,
    "qty": 385.12686345270185,
    "last_trade": 1782258367.881436
  },
  "ADAUSDT": {
    "in_position": false,
    "entry": null,
    "high": null,
    "qty": 0.0,
    "last_trade": 1782065197.6999938
  },
  "AVAXUSDT": {
    "in_position": true,
    "entry": 6.244,
    "high": 6.53,
    "qty": 1368.0515425017495,
    "last_trade": 1782220581.033486
  },
  "LINKUSDT": {
    "in_position": false,
    "entry": null,
    "high": null,
    "qty": 0.0,
    "last_trade": 1782064881.1455142
  },
  "LTCUSDT": {
    "in_position": false,
    "entry": null,
    "high": null,
    "qty": 0.0,
    "last_trade": 1782060367.229651
  },
  "DOGEUSDT": {
    "in_position": false,
    "entry": null,
    "high": null,
    "qty": 0.0,
    "last_trade": 1782076567.8291671
  }
}