{
  "_meta": {
    "cash": 1.1432105538100252,
    "peak_equity": 10390.48381505795
  },
  "BTCUSDT": {
    "in_position": true,
    "entry": 61506.0,
    "high": 61506.0,
    "qty": 0.14111989868415528,
    "last_trade": 1782390689.22245
  },
  "ETHUSDT": {
    "in_position": true,
    "entry": 1640.74,
    "high": 1640.74,
    "qty": 0.264506274256363,
    "last_trade": 1782390708.8554935
  },
  "SOLUSDT": {
    "in_position": true,
    "entry": 68.52,
    "high": 68.52,
    "qty": 0.3166856570515076,
    "last_trade": 1782390723.8197393
  },
  "BNBUSDT": {
    "in_position": false,
    "entry": null,
    "high": null,
    "qty": 0.0,
    "last_trade": 1782382568.8608098
  },
  "XRPUSDT": {
    "in_position": false,
    "entry": null,
    "high": null,
    "qty": 0.0,
    "last_trade": 1782387071.1330743
  },
  "ADAUSDT": {
    "in_position": false,
    "entry": null,
    "high": null,
    "qty": 0.0,
    "last_trade": 1782384358.466615
  },
  "AVAXUSDT": {
    "in_position": false,
    "entry": null,
    "high": null,
    "qty": 0.0,
    "last_trade": 1782376324.599183
  },
  "LINKUSDT": {
    "in_position": false,
    "entry": null,
    "high": null,
    "qty": 0.0,
    "last_trade": 1782384358.4666238
  },
  "LTCUSDT": {
    "in_position": false,
    "entry": null,
    "high": null,
    "qty": 0.0,
    "last_trade": 1782386157.882907
  },
  "DOGEUSDT": {
    "in_position": false,
    "entry": null,
    "high": null,
    "qty": 0.0,
    "last_trade": 1782383473.1693816
  }
}