{
  "_meta": {
    "cash": 35.3909954697059,
    "peak_equity": 10390.48381505795
  },
  "BTCUSDT": {
    "in_position": false,
    "entry": null,
    "high": null,
    "qty": 0.0,
    "last_trade": 1783024289.5540664
  },
  "ETHUSDT": {
    "in_position": false,
    "entry": null,
    "high": null,
    "qty": 0.0,
    "last_trade": 1783029682.0742528
  },
  "SOLUSDT": {
    "in_position": true,
    "entry": 81.01,
    "high": 81.1,
    "qty": 81.97005495447468,
    "last_trade": 1783026099.1420627
  },
  "BNBUSDT": {
    "in_position": false,
    "entry": null,
    "high": null,
    "qty": 0.0,
    "last_trade": 1783022486.5602908
  },
  "XRPUSDT": {
    "in_position": false,
    "entry": null,
    "high": null,
    "qty": 0.0,
    "last_trade": 1783009886.5420377
  },
  "ADAUSDT": {
    "in_position": false,
    "entry": null,
    "high": null,
    "qty": 0.0,
    "last_trade": 1783020682.0845008
  },
  "AVAXUSDT": {
    "in_position": true,
    "entry": 6.786,
    "high": 6.787,
    "qty": 98.99162345529696,
    "last_trade": 1783029698.2720473
  },
  "LINKUSDT": {
    "in_position": true,
    "entry": 7.74,
    "high": 7.787,
    "qty": 54.56383862083145,
    "last_trade": 1783009898.177416
  },
  "LTCUSDT": {
    "in_position": true,
    "entry": 43.51,
    "high": 43.51,
    "qty": 0.911327739225171,
    "last_trade": 1783020706.2938757
  },
  "DOGEUSDT": {
    "in_position": true,
    "entry": 0.07417,
    "high": 0.07424,
    "qty": 13272.560184327416,
    "last_trade": 1783022506.590386
  }
}