{
  "_meta": {
    "cash": 1.2559819863115855,
    "peak_equity": 10390.48381505795
  },
  "BTCUSDT": {
    "in_position": false,
    "entry": null,
    "high": null,
    "qty": 0.0,
    "last_trade": 1783784770.6291502
  },
  "ETHUSDT": {
    "in_position": true,
    "entry": 1789.95,
    "high": 1827.61,
    "qty": 3.803659231576127,
    "last_trade": 1783696600.2649896
  },
  "SOLUSDT": {
    "in_position": false,
    "entry": null,
    "high": null,
    "qty": 0.0,
    "last_trade": 1783788370.0031028
  },
  "BNBUSDT": {
    "in_position": true,
    "entry": 579.4,
    "high": 581.05,
    "qty": 0.06473403725504037,
    "last_trade": 1783784790.733803
  },
  "XRPUSDT": {
    "in_position": true,
    "entry": 1.1128,
    "high": 1.1177,
    "qty": 21.423272755210352,
    "last_trade": 1783788390.027348
  },
  "ADAUSDT": {
    "in_position": false,
    "entry": null,
    "high": null,
    "qty": 0.0,
    "last_trade": 1783694775.2413063
  },
  "AVAXUSDT": {
    "in_position": false,
    "entry": null,
    "high": null,
    "qty": 0.0,
    "last_trade": 1783728971.5137653
  },
  "LINKUSDT": {
    "in_position": true,
    "entry": 7.968,
    "high": 8.108,
    "qty": 174.7792421453129,
    "last_trade": 1783731806.9120731
  },
  "LTCUSDT": {
    "in_position": false,
    "entry": null,
    "high": null,
    "qty": 0.0,
    "last_trade": 1783777570.1878011
  },
  "DOGEUSDT": {
    "in_position": true,
    "entry": 0.07414,
    "high": 0.07542,
    "qty": 939.196790810532,
    "last_trade": 1783731818.3912957
  }
}