{
  "_meta": {
    "cash": 1.9456899002623018,
    "peak_equity": 10390.48381505795
  },
  "BTCUSDT": {
    "in_position": true,
    "entry": 62364.96,
    "high": 63384.01,
    "qty": 0.006021035177750866,
    "last_trade": 1783575976.8233027
  },
  "ETHUSDT": {
    "in_position": true,
    "entry": 1749.18,
    "high": 1750.78,
    "qty": 0.02111342281986735,
    "last_trade": 1783636319.1196265
  },
  "SOLUSDT": {
    "in_position": false,
    "entry": null,
    "high": null,
    "qty": 0.0,
    "last_trade": 1783612894.7897208
  },
  "BNBUSDT": {
    "in_position": false,
    "entry": null,
    "high": null,
    "qty": 0.0,
    "last_trade": 1783635357.0925944
  },
  "XRPUSDT": {
    "in_position": false,
    "entry": null,
    "high": null,
    "qty": 0.0,
    "last_trade": 1783613765.8269818
  },
  "ADAUSDT": {
    "in_position": false,
    "entry": null,
    "high": null,
    "qty": 0.0,
    "last_trade": 1783587761.3326144
  },
  "AVAXUSDT": {
    "in_position": false,
    "entry": null,
    "high": null,
    "qty": 0.0,
    "last_trade": 1783628174.337132
  },
  "LINKUSDT": {
    "in_position": true,
    "entry": 7.682,
    "high": 7.802,
    "qty": 977.6142098907164,
    "last_trade": 1783573314.739592
  },
  "LTCUSDT": {
    "in_position": true,
    "entry": 43.93,
    "high": 44.26,
    "qty": 0.4248847243557034,
    "last_trade": 1783587781.2057207
  },
  "DOGEUSDT": {
    "in_position": true,
    "entry": 0.07306,
    "high": 0.07351,
    "qty": 5080.113977180558,
    "last_trade": 1783628194.3623796
  }
}