{
  "_meta": {
    "cash": 0.9891503148343297,
    "peak_equity": 10390.48381505795
  },
  "BTCUSDT": {
    "in_position": true,
    "entry": 62364.96,
    "high": 62834.08,
    "qty": 0.006021035177750866,
    "last_trade": 1783575976.8233027
  },
  "ETHUSDT": {
    "in_position": false,
    "entry": null,
    "high": null,
    "qty": 0.0,
    "last_trade": 1783460759.7545884
  },
  "SOLUSDT": {
    "in_position": false,
    "entry": null,
    "high": null,
    "qty": 0.0,
    "last_trade": 1783562501.7856476
  },
  "BNBUSDT": {
    "in_position": false,
    "entry": null,
    "high": null,
    "qty": 0.0,
    "last_trade": 1783566104.568141
  },
  "XRPUSDT": {
    "in_position": false,
    "entry": null,
    "high": null,
    "qty": 0.0,
    "last_trade": 1783566104.5681477
  },
  "ADAUSDT": {
    "in_position": true,
    "entry": 0.1678,
    "high": 0.1697,
    "qty": 111.88963588171234,
    "last_trade": 1783575988.149465
  },
  "AVAXUSDT": {
    "in_position": true,
    "entry": 6.464,
    "high": 6.737,
    "qty": 61.8955596140776,
    "last_trade": 1783546994.797057
  },
  "LINKUSDT": {
    "in_position": true,
    "entry": 7.682,
    "high": 7.752,
    "qty": 977.6142098907164,
    "last_trade": 1783573314.739592
  },
  "LTCUSDT": {
    "in_position": false,
    "entry": null,
    "high": null,
    "qty": 0.0,
    "last_trade": 1783566104.5681598
  },
  "DOGEUSDT": {
    "in_position": false,
    "entry": null,
    "high": null,
    "qty": 0.0,
    "last_trade": 1783557996.7296607
  }
}