{
  "_meta": {
    "cash": 2.808793928405777,
    "peak_equity": 10390.48381505795
  },
  "BTCUSDT": {
    "in_position": true,
    "entry": 63660.29,
    "high": 64150.33,
    "qty": 0.01674945900147194,
    "last_trade": 1781966759.895187
  },
  "ETHUSDT": {
    "in_position": false,
    "entry": null,
    "high": null,
    "qty": 0.0,
    "last_trade": 1781962267.9609478
  },
  "SOLUSDT": {
    "in_position": true,
    "entry": 72.21,
    "high": 73.26,
    "qty": 0.7383156192887524,
    "last_trade": 1781969482.460059
  },
  "BNBUSDT": {
    "in_position": false,
    "entry": null,
    "high": null,
    "qty": 0.0,
    "last_trade": 1781962267.9609582
  },
  "XRPUSDT": {
    "in_position": false,
    "entry": null,
    "high": null,
    "qty": 0.0,
    "last_trade": 1781962267.960963
  },
  "ADAUSDT": {
    "in_position": false,
    "entry": null,
    "high": null,
    "qty": 0.0,
    "last_trade": 1781962267.960967
  },
  "AVAXUSDT": {
    "in_position": true,
    "entry": 6.133,
    "high": 6.209,
    "qty": 1297.9595886195734,
    "last_trade": 1781963171.7942169
  },
  "LINKUSDT": {
    "in_position": false,
    "entry": null,
    "high": null,
    "qty": 0.0,
    "last_trade": 1781838954.2204902
  },
  "LTCUSDT": {
    "in_position": false,
    "entry": null,
    "high": null,
    "qty": 0.0,
    "last_trade": 1781965869.3019474
  },
  "DOGEUSDT": {
    "in_position": false,
    "entry": null,
    "high": null,
    "qty": 0.0,
    "last_trade": 1781962267.960978
  }
}