{
  "_meta": {
    "cash": 19.131285657754233,
    "peak_equity": 10390.48381505795
  },
  "BTCUSDT": {
    "in_position": true,
    "entry": 62569.02,
    "high": 62569.02,
    "qty": 0.005803691606503176,
    "last_trade": 1783167378.1731548
  },
  "ETHUSDT": {
    "in_position": true,
    "entry": 1755.86,
    "high": 1761.65,
    "qty": 0.36709271860952175,
    "last_trade": 1783144906.0393767
  },
  "SOLUSDT": {
    "in_position": false,
    "entry": null,
    "high": null,
    "qty": 0.0,
    "last_trade": 1783158364.7280586
  },
  "BNBUSDT": {
    "in_position": true,
    "entry": 572.24,
    "high": 572.51,
    "qty": 12.691573332906803,
    "last_trade": 1783163777.4980783
  },
  "XRPUSDT": {
    "in_position": true,
    "entry": 1.0828,
    "high": 1.1476,
    "qty": 399.1351369200682,
    "last_trade": 1783033293.2381504
  },
  "ADAUSDT": {
    "in_position": false,
    "entry": null,
    "high": null,
    "qty": 0.0,
    "last_trade": 1783149365.3779802
  },
  "AVAXUSDT": {
    "in_position": false,
    "entry": null,
    "high": null,
    "qty": 0.0,
    "last_trade": 1783146678.448385
  },
  "LINKUSDT": {
    "in_position": false,
    "entry": null,
    "high": null,
    "qty": 0.0,
    "last_trade": 1783158364.7280703
  },
  "LTCUSDT": {
    "in_position": false,
    "entry": null,
    "high": null,
    "qty": 0.0,
    "last_trade": 1783146678.4483926
  },
  "DOGEUSDT": {
    "in_position": false,
    "entry": null,
    "high": null,
    "qty": 0.0,
    "last_trade": 1783127758.1572404
  }
}