{
  "_meta": {
    "cash": 2.1020532772601968,
    "peak_equity": 10390.48381505795
  },
  "BTCUSDT": {
    "in_position": false,
    "entry": null,
    "high": null,
    "qty": 0.0,
    "last_trade": 1782468081.4170341
  },
  "ETHUSDT": {
    "in_position": true,
    "entry": 1582.77,
    "high": 1591.51,
    "qty": 0.025208408773725113,
    "last_trade": 1782487887.006091
  },
  "SOLUSDT": {
    "in_position": true,
    "entry": 69.06,
    "high": 73.47,
    "qty": 113.62148180491138,
    "last_trade": 1782468096.9340606
  },
  "BNBUSDT": {
    "in_position": false,
    "entry": null,
    "high": null,
    "qty": 0.0,
    "last_trade": 1782477068.1415548
  },
  "XRPUSDT": {
    "in_position": false,
    "entry": null,
    "high": null,
    "qty": 0.0,
    "last_trade": 1782387071.1330743
  },
  "ADAUSDT": {
    "in_position": false,
    "entry": null,
    "high": null,
    "qty": 0.0,
    "last_trade": 1782468107.5998583
  },
  "AVAXUSDT": {
    "in_position": true,
    "entry": 6.267,
    "high": 6.515,
    "qty": 127.33082225878037,
    "last_trade": 1782484301.5083985
  },
  "LINKUSDT": {
    "in_position": false,
    "entry": null,
    "high": null,
    "qty": 0.0,
    "last_trade": 1782384358.4666238
  },
  "LTCUSDT": {
    "in_position": false,
    "entry": null,
    "high": null,
    "qty": 0.0,
    "last_trade": 1782476160.7805357
  },
  "DOGEUSDT": {
    "in_position": false,
    "entry": null,
    "high": null,
    "qty": 0.0,
    "last_trade": 1782468968.645081
  }
}