{
  "_meta": {
    "cash": 1.0399344450424728,
    "peak_equity": 10390.48381505795
  },
  "BTCUSDT": {
    "in_position": false,
    "entry": null,
    "high": null,
    "qty": 0.0,
    "last_trade": 1783308677.787798
  },
  "ETHUSDT": {
    "in_position": false,
    "entry": null,
    "high": null,
    "qty": 0.0,
    "last_trade": 1783381594.3497062
  },
  "SOLUSDT": {
    "in_position": true,
    "entry": 81.84,
    "high": 83.06,
    "qty": 5.05529290439325,
    "last_trade": 1783355519.9420857
  },
  "BNBUSDT": {
    "in_position": true,
    "entry": 586.78,
    "high": 586.78,
    "qty": 13.45582019862061,
    "last_trade": 1783381616.4920268
  },
  "XRPUSDT": {
    "in_position": true,
    "entry": 1.1458,
    "high": 1.1458,
    "qty": 344.54556537557283,
    "last_trade": 1783381636.5715027
  },
  "ADAUSDT": {
    "in_position": true,
    "entry": 0.1845,
    "high": 0.1845,
    "qty": 106.98653355212237,
    "last_trade": 1783381658.7318187
  },
  "AVAXUSDT": {
    "in_position": true,
    "entry": 6.937,
    "high": 7.026,
    "qty": 2.9820179565773697,
    "last_trade": 1783355536.6559756
  },
  "LINKUSDT": {
    "in_position": false,
    "entry": null,
    "high": null,
    "qty": 0.0,
    "last_trade": 1783296143.0174327
  },
  "LTCUSDT": {
    "in_position": false,
    "entry": null,
    "high": null,
    "qty": 0.0,
    "last_trade": 1783304170.1799595
  },
  "DOGEUSDT": {
    "in_position": false,
    "entry": null,
    "high": null,
    "qty": 0.0,
    "last_trade": 1783297904.1192565
  }
}