{
  "_meta": {
    "cash": 1.084064859493143,
    "peak_equity": 10390.48381505795
  },
  "BTCUSDT": {
    "in_position": true,
    "entry": 62364.96,
    "high": 63962.0,
    "qty": 0.006021035177750866,
    "last_trade": 1783575976.8233027
  },
  "ETHUSDT": {
    "in_position": false,
    "entry": null,
    "high": null,
    "qty": 0.0,
    "last_trade": 1783643507.7206562
  },
  "SOLUSDT": {
    "in_position": true,
    "entry": 77.98,
    "high": 79.04,
    "qty": 96.60480156142344,
    "last_trade": 1783639936.4144323
  },
  "BNBUSDT": {
    "in_position": false,
    "entry": null,
    "high": null,
    "qty": 0.0,
    "last_trade": 1783635357.0925944
  },
  "XRPUSDT": {
    "in_position": true,
    "entry": 1.0962,
    "high": 1.108,
    "qty": 375.4179105034653,
    "last_trade": 1783647113.2123566
  },
  "ADAUSDT": {
    "in_position": true,
    "entry": 0.1685,
    "high": 0.1689,
    "qty": 122.11665088839736,
    "last_trade": 1783649774.9507313
  },
  "AVAXUSDT": {
    "in_position": false,
    "entry": null,
    "high": null,
    "qty": 0.0,
    "last_trade": 1783628174.337132
  },
  "LINKUSDT": {
    "in_position": false,
    "entry": null,
    "high": null,
    "qty": 0.0,
    "last_trade": 1783639347.5527318
  },
  "LTCUSDT": {
    "in_position": false,
    "entry": null,
    "high": null,
    "qty": 0.0,
    "last_trade": 1783639347.5527375
  },
  "DOGEUSDT": {
    "in_position": false,
    "entry": null,
    "high": null,
    "qty": 0.0,
    "last_trade": 1783639347.552743
  }
}