{
  "_meta": {
    "cash": 21.263888415402164,
    "peak_equity": 10390.48381505795
  },
  "BTCUSDT": {
    "in_position": true,
    "entry": 59611.99,
    "high": 60174.0,
    "qty": 0.0003316293698131128,
    "last_trade": 1782710164.8101735
  },
  "ETHUSDT": {
    "in_position": true,
    "entry": 1574.88,
    "high": 1574.88,
    "qty": 5.125600294917914,
    "last_trade": 1782722767.826342
  },
  "SOLUSDT": {
    "in_position": false,
    "entry": null,
    "high": null,
    "qty": 0.0,
    "last_trade": 1782709298.8894722
  },
  "BNBUSDT": {
    "in_position": true,
    "entry": 553.05,
    "high": 553.05,
    "qty": 0.7297898374885055,
    "last_trade": 1782722778.3301718
  },
  "XRPUSDT": {
    "in_position": false,
    "entry": null,
    "high": null,
    "qty": 0.0,
    "last_trade": 1782559865.4192255
  },
  "ADAUSDT": {
    "in_position": true,
    "entry": 0.1439,
    "high": 0.1459,
    "qty": 2747.614548576182,
    "last_trade": 1782709310.3829067
  },
  "AVAXUSDT": {
    "in_position": false,
    "entry": null,
    "high": null,
    "qty": 0.0,
    "last_trade": 1782721891.623469
  },
  "LINKUSDT": {
    "in_position": true,
    "entry": 7.307,
    "high": 7.36,
    "qty": 2.852834689242543,
    "last_trade": 1782702095.365023
  },
  "LTCUSDT": {
    "in_position": false,
    "entry": null,
    "high": null,
    "qty": 0.0,
    "last_trade": 1782699358.986293
  },
  "DOGEUSDT": {
    "in_position": false,
    "entry": null,
    "high": null,
    "qty": 0.0,
    "last_trade": 1782587756.7779338
  }
}