{
  "_meta": {
    "cash": 0.9920363867295166,
    "peak_equity": 10390.48381505795
  },
  "BTCUSDT": {
    "in_position": true,
    "entry": 63671.72,
    "high": 63710.0,
    "qty": 0.005914670276340727,
    "last_trade": 1783298771.8580627
  },
  "ETHUSDT": {
    "in_position": false,
    "entry": null,
    "high": null,
    "qty": 0.0,
    "last_trade": 1783296104.2640064
  },
  "SOLUSDT": {
    "in_position": true,
    "entry": 81.39,
    "high": 82.16,
    "qty": 0.24364769662309102,
    "last_trade": 1783296115.7022984
  },
  "BNBUSDT": {
    "in_position": true,
    "entry": 575.93,
    "high": 593.03,
    "qty": 14.29955633863092,
    "last_trade": 1783239372.0186274
  },
  "XRPUSDT": {
    "in_position": true,
    "entry": 1.1556,
    "high": 1.1557,
    "qty": 16.29444573068057,
    "last_trade": 1783298781.170381
  },
  "ADAUSDT": {
    "in_position": false,
    "entry": null,
    "high": null,
    "qty": 0.0,
    "last_trade": 1783229476.333379
  },
  "AVAXUSDT": {
    "in_position": false,
    "entry": null,
    "high": null,
    "qty": 0.0,
    "last_trade": 1783286175.138887
  },
  "LINKUSDT": {
    "in_position": false,
    "entry": null,
    "high": null,
    "qty": 0.0,
    "last_trade": 1783296143.0174327
  },
  "LTCUSDT": {
    "in_position": true,
    "entry": 45.73,
    "high": 46.01,
    "qty": 0.4506781220452417,
    "last_trade": 1783296155.7494805
  },
  "DOGEUSDT": {
    "in_position": false,
    "entry": null,
    "high": null,
    "qty": 0.0,
    "last_trade": 1783297904.1192565
  }
}