{
  "_meta": {
    "cash": 34.554121484636426,
    "peak_equity": 10390.48381505795
  },
  "BTCUSDT": {
    "in_position": true,
    "entry": 61531.29,
    "high": 62620.71,
    "qty": 0.005711041710962908,
    "last_trade": 1783049486.874724
  },
  "ETHUSDT": {
    "in_position": false,
    "entry": null,
    "high": null,
    "qty": 0.0,
    "last_trade": 1783029682.0742528
  },
  "SOLUSDT": {
    "in_position": false,
    "entry": null,
    "high": null,
    "qty": 0.0,
    "last_trade": 1783048556.9122262
  },
  "BNBUSDT": {
    "in_position": true,
    "entry": 559.76,
    "high": 572.21,
    "qty": 11.216452575198344,
    "last_trade": 1783048567.1237705
  },
  "XRPUSDT": {
    "in_position": true,
    "entry": 1.0828,
    "high": 1.1401,
    "qty": 399.1351369200682,
    "last_trade": 1783033293.2381504
  },
  "ADAUSDT": {
    "in_position": false,
    "entry": null,
    "high": null,
    "qty": 0.0,
    "last_trade": 1783020682.0845008
  },
  "AVAXUSDT": {
    "in_position": false,
    "entry": null,
    "high": null,
    "qty": 0.0,
    "last_trade": 1783095360.5192258
  },
  "LINKUSDT": {
    "in_position": true,
    "entry": 7.824,
    "high": 7.992,
    "qty": 83.82827655576673,
    "last_trade": 1783095374.8334363
  },
  "LTCUSDT": {
    "in_position": false,
    "entry": null,
    "high": null,
    "qty": 0.0,
    "last_trade": 1783048567.12381
  },
  "DOGEUSDT": {
    "in_position": true,
    "entry": 0.07417,
    "high": 0.07779,
    "qty": 13272.560184327416,
    "last_trade": 1783022506.590386
  }
}