{
  "_meta": {
    "cash": 16.867405600455413,
    "peak_equity": 10390.48381505795
  },
  "BTCUSDT": {
    "in_position": true,
    "entry": 60362.01,
    "high": 60478.0,
    "qty": 0.005588414947699369,
    "last_trade": 1782765970.197931
  },
  "ETHUSDT": {
    "in_position": true,
    "entry": 1611.11,
    "high": 1612.66,
    "qty": 3.974409517199815,
    "last_trade": 1782776104.853159
  },
  "SOLUSDT": {
    "in_position": false,
    "entry": null,
    "high": null,
    "qty": 0.0,
    "last_trade": 1782775875.311896
  },
  "BNBUSDT": {
    "in_position": true,
    "entry": 559.51,
    "high": 560.17,
    "qty": 0.09760745806891094,
    "last_trade": 1782775890.1906052
  },
  "XRPUSDT": {
    "in_position": true,
    "entry": 1.059,
    "high": 1.059,
    "qty": 302.3234616268084,
    "last_trade": 1782776761.1546068
  },
  "ADAUSDT": {
    "in_position": false,
    "entry": null,
    "high": null,
    "qty": 0.0,
    "last_trade": 1782742556.5052826
  },
  "AVAXUSDT": {
    "in_position": false,
    "entry": null,
    "high": null,
    "qty": 0.0,
    "last_trade": 1782765060.735324
  },
  "LINKUSDT": {
    "in_position": false,
    "entry": null,
    "high": null,
    "qty": 0.0,
    "last_trade": 1782775890.1906338
  },
  "LTCUSDT": {
    "in_position": true,
    "entry": 43.05,
    "high": 43.42,
    "qty": 40.19778094824891,
    "last_trade": 1782753371.2348013
  },
  "DOGEUSDT": {
    "in_position": false,
    "entry": null,
    "high": null,
    "qty": 0.0,
    "last_trade": 1782775890.1906428
  }
}