{
  "_meta": {
    "cash": 2.0197872335241627,
    "peak_equity": 10390.48381505795
  },
  "BTCUSDT": {
    "in_position": true,
    "entry": 64129.17,
    "high": 64129.17,
    "qty": 0.0005978187432823746,
    "last_trade": 1783723588.0100517
  },
  "ETHUSDT": {
    "in_position": true,
    "entry": 1789.95,
    "high": 1798.23,
    "qty": 3.803659231576127,
    "last_trade": 1783696600.2649896
  },
  "SOLUSDT": {
    "in_position": false,
    "entry": null,
    "high": null,
    "qty": 0.0,
    "last_trade": 1783689372.769644
  },
  "BNBUSDT": {
    "in_position": true,
    "entry": 575.94,
    "high": 577.84,
    "qty": 1.2245626728476846,
    "last_trade": 1783701968.5847642
  },
  "XRPUSDT": {
    "in_position": false,
    "entry": null,
    "high": null,
    "qty": 0.0,
    "last_trade": 1783688510.1756446
  },
  "ADAUSDT": {
    "in_position": false,
    "entry": null,
    "high": null,
    "qty": 0.0,
    "last_trade": 1783694775.2413063
  },
  "AVAXUSDT": {
    "in_position": true,
    "entry": 6.765,
    "high": 6.765,
    "qty": 113.34107854291713,
    "last_trade": 1783719102.5383608
  },
  "LINKUSDT": {
    "in_position": false,
    "entry": null,
    "high": null,
    "qty": 0.0,
    "last_trade": 1783710103.7440486
  },
  "LTCUSDT": {
    "in_position": true,
    "entry": 44.54,
    "high": 44.76,
    "qty": 0.4647730480256716,
    "last_trade": 1783688534.8076458
  },
  "DOGEUSDT": {
    "in_position": false,
    "entry": null,
    "high": null,
    "qty": 0.0,
    "last_trade": 1783710103.7440557
  }
}