{
  "_meta": {
    "cash": 3.2697316291745793,
    "peak_equity": 10390.48381505795
  },
  "BTCUSDT": {
    "in_position": false,
    "entry": null,
    "high": null,
    "qty": 0.0,
    "last_trade": 1782296161.416588
  },
  "ETHUSDT": {
    "in_position": false,
    "entry": null,
    "high": null,
    "qty": 0.0,
    "last_trade": 1782296161.4165964
  },
  "SOLUSDT": {
    "in_position": false,
    "entry": null,
    "high": null,
    "qty": 0.0,
    "last_trade": 1782291686.6143522
  },
  "BNBUSDT": {
    "in_position": false,
    "entry": null,
    "high": null,
    "qty": 0.0,
    "last_trade": 1782382568.8608098
  },
  "XRPUSDT": {
    "in_position": true,
    "entry": 1.081,
    "high": 1.081,
    "qty": 57.412431189824964,
    "last_trade": 1782382578.1078424
  },
  "ADAUSDT": {
    "in_position": true,
    "entry": 0.1478,
    "high": 0.1502,
    "qty": 8721.521970561234,
    "last_trade": 1782342970.0884352
  },
  "AVAXUSDT": {
    "in_position": false,
    "entry": null,
    "high": null,
    "qty": 0.0,
    "last_trade": 1782376324.599183
  },
  "LINKUSDT": {
    "in_position": true,
    "entry": 7.516,
    "high": 7.52,
    "qty": 994.3071627116988,
    "last_trade": 1782376336.8826485
  },
  "LTCUSDT": {
    "in_position": true,
    "entry": 41.77,
    "high": 41.89,
    "qty": 8.945669900575938,
    "last_trade": 1782376349.5855384
  },
  "DOGEUSDT": {
    "in_position": true,
    "entry": 0.07718,
    "high": 0.0772,
    "qty": 242.07089385012614,
    "last_trade": 1782376363.0408702
  }
}