{
  "_meta": {
    "cash": 52.75761081437372,
    "peak_equity": 10390.48381505795
  },
  "BTCUSDT": {
    "in_position": true,
    "entry": 61531.29,
    "high": 62842.0,
    "qty": 0.005711041710962908,
    "last_trade": 1783049486.874724
  },
  "ETHUSDT": {
    "in_position": false,
    "entry": null,
    "high": null,
    "qty": 0.0,
    "last_trade": 1783029682.0742528
  },
  "SOLUSDT": {
    "in_position": false,
    "entry": null,
    "high": null,
    "qty": 0.0,
    "last_trade": 1783048556.9122262
  },
  "BNBUSDT": {
    "in_position": true,
    "entry": 559.76,
    "high": 574.93,
    "qty": 11.216452575198344,
    "last_trade": 1783048567.1237705
  },
  "XRPUSDT": {
    "in_position": true,
    "entry": 1.0828,
    "high": 1.141,
    "qty": 399.1351369200682,
    "last_trade": 1783033293.2381504
  },
  "ADAUSDT": {
    "in_position": true,
    "entry": 0.1784,
    "high": 0.1784,
    "qty": 5613.19065168633,
    "last_trade": 1783128689.5149384
  },
  "AVAXUSDT": {
    "in_position": false,
    "entry": null,
    "high": null,
    "qty": 0.0,
    "last_trade": 1783095360.5192258
  },
  "LINKUSDT": {
    "in_position": false,
    "entry": null,
    "high": null,
    "qty": 0.0,
    "last_trade": 1783126883.3061914
  },
  "LTCUSDT": {
    "in_position": true,
    "entry": 44.6,
    "high": 44.6,
    "qty": 14.888024603921268,
    "last_trade": 1783126897.23877
  },
  "DOGEUSDT": {
    "in_position": false,
    "entry": null,
    "high": null,
    "qty": 0.0,
    "last_trade": 1783127758.1572404
  }
}