{
  "_meta": {
    "cash": 1.0982373019668188,
    "peak_equity": 10390.48381505795
  },
  "BTCUSDT": {
    "in_position": false,
    "entry": null,
    "high": null,
    "qty": 0.0,
    "last_trade": 1782643554.4594557
  },
  "ETHUSDT": {
    "in_position": false,
    "entry": null,
    "high": null,
    "qty": 0.0,
    "last_trade": 1782665156.824718
  },
  "SOLUSDT": {
    "in_position": true,
    "entry": 71.73,
    "high": 72.3,
    "qty": 5.812257932328259,
    "last_trade": 1782700282.5194242
  },
  "BNBUSDT": {
    "in_position": false,
    "entry": null,
    "high": null,
    "qty": 0.0,
    "last_trade": 1782536482.7979474
  },
  "XRPUSDT": {
    "in_position": false,
    "entry": null,
    "high": null,
    "qty": 0.0,
    "last_trade": 1782559865.4192255
  },
  "ADAUSDT": {
    "in_position": false,
    "entry": null,
    "high": null,
    "qty": 0.0,
    "last_trade": 1782581477.8728564
  },
  "AVAXUSDT": {
    "in_position": true,
    "entry": 6.433,
    "high": 6.529,
    "qty": 1308.488606564822,
    "last_trade": 1782679564.8296952
  },
  "LINKUSDT": {
    "in_position": true,
    "entry": 7.307,
    "high": 7.307,
    "qty": 2.852834689242543,
    "last_trade": 1782702095.365023
  },
  "LTCUSDT": {
    "in_position": false,
    "entry": null,
    "high": null,
    "qty": 0.0,
    "last_trade": 1782699358.986293
  },
  "DOGEUSDT": {
    "in_position": false,
    "entry": null,
    "high": null,
    "qty": 0.0,
    "last_trade": 1782587756.7779338
  }
}