{
  "_meta": {
    "cash": 1.0732625440546393,
    "peak_equity": 10390.48381505795
  },
  "BTCUSDT": {
    "in_position": true,
    "entry": 63169.22,
    "high": 63600.01,
    "qty": 0.006794297135023013,
    "last_trade": 1781877689.1753633
  },
  "ETHUSDT": {
    "in_position": true,
    "entry": 1700.91,
    "high": 1712.58,
    "qty": 4.790757117147361,
    "last_trade": 1781894763.5901852
  },
  "SOLUSDT": {
    "in_position": true,
    "entry": 68.91,
    "high": 69.82,
    "qty": 5.912528434281769,
    "last_trade": 1781894771.914437
  },
  "BNBUSDT": {
    "in_position": true,
    "entry": 578.83,
    "high": 582.01,
    "qty": 0.035194472850954145,
    "last_trade": 1781894779.9503422
  },
  "XRPUSDT": {
    "in_position": false,
    "entry": null,
    "high": null,
    "qty": 0.0,
    "last_trade": 1781558166.4718285
  },
  "ADAUSDT": {
    "in_position": false,
    "entry": null,
    "high": null,
    "qty": 0.0,
    "last_trade": 1781838954.2204797
  },
  "AVAXUSDT": {
    "in_position": false,
    "entry": null,
    "high": null,
    "qty": 0.0,
    "last_trade": 1781724686.4840014
  },
  "LINKUSDT": {
    "in_position": false,
    "entry": null,
    "high": null,
    "qty": 0.0,
    "last_trade": 1781838954.2204902
  },
  "LTCUSDT": {
    "in_position": false,
    "entry": null,
    "high": null,
    "qty": 0.0,
    "last_trade": 1781893925.2223465
  },
  "DOGEUSDT": {
    "in_position": true,
    "entry": 0.08328,
    "high": 0.0836,
    "qty": 257.6791849589571,
    "last_trade": 1781880365.9273596
  }
}