{
  "_meta": {
    "cash": 22.98751778745344,
    "peak_equity": 10390.48381505795
  },
  "BTCUSDT": {
    "in_position": true,
    "entry": 62707.59,
    "high": 62861.71,
    "qty": 0.0003216636060904985,
    "last_trade": 1782271905.094353
  },
  "ETHUSDT": {
    "in_position": true,
    "entry": 1672.52,
    "high": 1672.52,
    "qty": 0.26087969737292466,
    "last_trade": 1782279106.6466696
  },
  "SOLUSDT": {
    "in_position": true,
    "entry": 69.54,
    "high": 69.93,
    "qty": 119.70366575364707,
    "last_trade": 1782274565.632085
  },
  "BNBUSDT": {
    "in_position": false,
    "entry": null,
    "high": null,
    "qty": 0.0,
    "last_trade": 1782275479.462683
  },
  "XRPUSDT": {
    "in_position": false,
    "entry": null,
    "high": null,
    "qty": 0.0,
    "last_trade": 1782270958.3509743
  },
  "ADAUSDT": {
    "in_position": true,
    "entry": 0.1524,
    "high": 0.1527,
    "qty": 2647.079990635745,
    "last_trade": 1782270968.6518645
  },
  "AVAXUSDT": {
    "in_position": false,
    "entry": null,
    "high": null,
    "qty": 0.0,
    "last_trade": 1782273707.8430538
  },
  "LINKUSDT": {
    "in_position": false,
    "entry": null,
    "high": null,
    "qty": 0.0,
    "last_trade": 1782064881.1455142
  },
  "LTCUSDT": {
    "in_position": false,
    "entry": null,
    "high": null,
    "qty": 0.0,
    "last_trade": 1782060367.229651
  },
  "DOGEUSDT": {
    "in_position": false,
    "entry": null,
    "high": null,
    "qty": 0.0,
    "last_trade": 1782076567.8291671
  }
}