{
  "_meta": {
    "cash": 22.7692478833319,
    "peak_equity": 10390.48381505795
  },
  "BTCUSDT": {
    "in_position": false,
    "entry": null,
    "high": null,
    "qty": 0.0,
    "last_trade": 1783024289.5540664
  },
  "ETHUSDT": {
    "in_position": false,
    "entry": null,
    "high": null,
    "qty": 0.0,
    "last_trade": 1783029682.0742528
  },
  "SOLUSDT": {
    "in_position": true,
    "entry": 81.01,
    "high": 81.1,
    "qty": 81.97005495447468,
    "last_trade": 1783026099.1420627
  },
  "BNBUSDT": {
    "in_position": false,
    "entry": null,
    "high": null,
    "qty": 0.0,
    "last_trade": 1783022486.5602908
  },
  "XRPUSDT": {
    "in_position": true,
    "entry": 1.0828,
    "high": 1.0882,
    "qty": 399.1351369200682,
    "last_trade": 1783033293.2381504
  },
  "ADAUSDT": {
    "in_position": false,
    "entry": null,
    "high": null,
    "qty": 0.0,
    "last_trade": 1783020682.0845008
  },
  "AVAXUSDT": {
    "in_position": true,
    "entry": 6.786,
    "high": 6.812,
    "qty": 98.99162345529696,
    "last_trade": 1783029698.2720473
  },
  "LINKUSDT": {
    "in_position": false,
    "entry": null,
    "high": null,
    "qty": 0.0,
    "last_trade": 1783031472.5596056
  },
  "LTCUSDT": {
    "in_position": true,
    "entry": 43.51,
    "high": 43.54,
    "qty": 0.911327739225171,
    "last_trade": 1783020706.2938757
  },
  "DOGEUSDT": {
    "in_position": true,
    "entry": 0.07417,
    "high": 0.07426,
    "qty": 13272.560184327416,
    "last_trade": 1783022506.590386
  }
}