{
  "_meta": {
    "cash": 0.9953679264876243,
    "peak_equity": 10390.48381505795
  },
  "BTCUSDT": {
    "in_position": false,
    "entry": null,
    "high": null,
    "qty": 0.0,
    "last_trade": 1783467967.6857722
  },
  "ETHUSDT": {
    "in_position": false,
    "entry": null,
    "high": null,
    "qty": 0.0,
    "last_trade": 1783460759.7545884
  },
  "SOLUSDT": {
    "in_position": true,
    "entry": 77.89,
    "high": 78.39,
    "qty": 97.02450895241495,
    "last_trade": 1783558916.369147
  },
  "BNBUSDT": {
    "in_position": true,
    "entry": 569.22,
    "high": 571.06,
    "qty": 0.6638240928203163,
    "last_trade": 1783558927.2562048
  },
  "XRPUSDT": {
    "in_position": true,
    "entry": 1.09,
    "high": 1.0944,
    "qty": 18.352885199330206,
    "last_trade": 1783547207.4653037
  },
  "ADAUSDT": {
    "in_position": false,
    "entry": null,
    "high": null,
    "qty": 0.0,
    "last_trade": 1783390559.465302
  },
  "AVAXUSDT": {
    "in_position": true,
    "entry": 6.464,
    "high": 6.52,
    "qty": 61.8955596140776,
    "last_trade": 1783546994.797057
  },
  "LINKUSDT": {
    "in_position": false,
    "entry": null,
    "high": null,
    "qty": 0.0,
    "last_trade": 1783450906.3985338
  },
  "LTCUSDT": {
    "in_position": true,
    "entry": 43.7,
    "high": 43.97,
    "qty": 0.4323363273629079,
    "last_trade": 1783558938.880234
  },
  "DOGEUSDT": {
    "in_position": false,
    "entry": null,
    "high": null,
    "qty": 0.0,
    "last_trade": 1783557996.7296607
  }
}