{
  "_meta": {
    "cash": 2.0258825946623062,
    "peak_equity": 10390.48381505795
  },
  "BTCUSDT": {
    "in_position": false,
    "entry": null,
    "high": null,
    "qty": 0.0,
    "last_trade": 1782468081.4170341
  },
  "ETHUSDT": {
    "in_position": true,
    "entry": 1582.77,
    "high": 1591.51,
    "qty": 0.025208408773725113,
    "last_trade": 1782487887.006091
  },
  "SOLUSDT": {
    "in_position": true,
    "entry": 69.06,
    "high": 73.74,
    "qty": 113.62148180491138,
    "last_trade": 1782468096.9340606
  },
  "BNBUSDT": {
    "in_position": false,
    "entry": null,
    "high": null,
    "qty": 0.0,
    "last_trade": 1782477068.1415548
  },
  "XRPUSDT": {
    "in_position": false,
    "entry": null,
    "high": null,
    "qty": 0.0,
    "last_trade": 1782387071.1330743
  },
  "ADAUSDT": {
    "in_position": false,
    "entry": null,
    "high": null,
    "qty": 0.0,
    "last_trade": 1782468107.5998583
  },
  "AVAXUSDT": {
    "in_position": false,
    "entry": null,
    "high": null,
    "qty": 0.0,
    "last_trade": 1782506789.2324502
  },
  "LINKUSDT": {
    "in_position": true,
    "entry": 7.315,
    "high": 7.315,
    "qty": 105.1355187494218,
    "last_trade": 1782506797.9451513
  },
  "LTCUSDT": {
    "in_position": true,
    "entry": 41.81,
    "high": 41.81,
    "qty": 0.9197157613633368,
    "last_trade": 1782506805.6608803
  },
  "DOGEUSDT": {
    "in_position": false,
    "entry": null,
    "high": null,
    "qty": 0.0,
    "last_trade": 1782468968.645081
  }
}