{
  "_meta": {
    "cash": 1100.3065124035002,
    "peak_equity": 10390.48381505795
  },
  "BTCUSDT": {
    "in_position": false,
    "entry": null,
    "high": null,
    "qty": 0.0,
    "last_trade": 1782949567.8040946
  },
  "ETHUSDT": {
    "in_position": false,
    "entry": null,
    "high": null,
    "qty": 0.0,
    "last_trade": 1782950486.3610706
  },
  "SOLUSDT": {
    "in_position": false,
    "entry": null,
    "high": null,
    "qty": 0.0,
    "last_trade": 1782952279.7780802
  },
  "BNBUSDT": {
    "in_position": false,
    "entry": null,
    "high": null,
    "qty": 0.0,
    "last_trade": 1782957126.9739738
  },
  "XRPUSDT": {
    "in_position": true,
    "entry": 1.0559,
    "high": 1.0659,
    "qty": 358.908058673993,
    "last_trade": 1782955896.268075
  },
  "ADAUSDT": {
    "in_position": true,
    "entry": 0.1543,
    "high": 0.1558,
    "qty": 122.80331145621173,
    "last_trade": 1782955914.320442
  },
  "AVAXUSDT": {
    "in_position": false,
    "entry": null,
    "high": null,
    "qty": 0.0,
    "last_trade": 1782949460.1885586
  },
  "LINKUSDT": {
    "in_position": true,
    "entry": 7.397,
    "high": 7.521,
    "qty": 2.965664508175475,
    "last_trade": 1782949469.1745687
  },
  "LTCUSDT": {
    "in_position": false,
    "entry": null,
    "high": null,
    "qty": 0.0,
    "last_trade": 1782975679.82507
  },
  "DOGEUSDT": {
    "in_position": true,
    "entry": 0.0729,
    "high": 0.07326,
    "qty": 98467.31355038285,
    "last_trade": 1782963086.9894817
  }
}