{
  "_meta": {
    "cash": 1.1977575928017572,
    "peak_equity": 10390.48381505795
  },
  "BTCUSDT": {
    "in_position": false,
    "entry": null,
    "high": null,
    "qty": 0.0,
    "last_trade": 1781615761.0138109
  },
  "ETHUSDT": {
    "in_position": false,
    "entry": null,
    "high": null,
    "qty": 0.0,
    "last_trade": 1781678761.3675706
  },
  "SOLUSDT": {
    "in_position": false,
    "entry": null,
    "high": null,
    "qty": 0.0,
    "last_trade": 1781619361.4337125
  },
  "BNBUSDT": {
    "in_position": false,
    "entry": null,
    "high": null,
    "qty": 0.0,
    "last_trade": 1781706678.5961351
  },
  "XRPUSDT": {
    "in_position": false,
    "entry": null,
    "high": null,
    "qty": 0.0,
    "last_trade": 1781558166.4718285
  },
  "ADAUSDT": {
    "in_position": false,
    "entry": null,
    "high": null,
    "qty": 0.0,
    "last_trade": 1781557296.3910403
  },
  "AVAXUSDT": {
    "in_position": true,
    "entry": 6.969,
    "high": 6.98,
    "qty": 1304.902258782009,
    "last_trade": 1781712098.4939232
  },
  "LINKUSDT": {
    "in_position": false,
    "entry": null,
    "high": null,
    "qty": 0.0,
    "last_trade": 1781684161.6382298
  },
  "LTCUSDT": {
    "in_position": true,
    "entry": 45.73,
    "high": 45.73,
    "qty": 9.942995671825804,
    "last_trade": 1781713898.5666258
  },
  "DOGEUSDT": {
    "in_position": true,
    "entry": 0.08742,
    "high": 0.08742,
    "qty": 260.0624525695462,
    "last_trade": 1781713911.3446612
  }
}