{
  "_meta": {
    "cash": 1.050854581032791,
    "peak_equity": 10390.48381505795
  },
  "BTCUSDT": {
    "in_position": false,
    "entry": null,
    "high": null,
    "qty": 0.0,
    "last_trade": 1783784770.6291502
  },
  "ETHUSDT": {
    "in_position": true,
    "entry": 1807.36,
    "high": 1807.85,
    "qty": 0.2207229411835391,
    "last_trade": 1783862186.6312106
  },
  "SOLUSDT": {
    "in_position": true,
    "entry": 77.3,
    "high": 77.3,
    "qty": 0.25803739649255,
    "last_trade": 1783862206.6808028
  },
  "BNBUSDT": {
    "in_position": false,
    "entry": null,
    "high": null,
    "qty": 0.0,
    "last_trade": 1783811766.7499328
  },
  "XRPUSDT": {
    "in_position": false,
    "entry": null,
    "high": null,
    "qty": 0.0,
    "last_trade": 1783809096.4645722
  },
  "ADAUSDT": {
    "in_position": false,
    "entry": null,
    "high": null,
    "qty": 0.0,
    "last_trade": 1783694775.2413063
  },
  "AVAXUSDT": {
    "in_position": false,
    "entry": null,
    "high": null,
    "qty": 0.0,
    "last_trade": 1783728971.5137653
  },
  "LINKUSDT": {
    "in_position": true,
    "entry": 8.032,
    "high": 8.057,
    "qty": 993.3411727526906,
    "last_trade": 1783849587.4547722
  },
  "LTCUSDT": {
    "in_position": false,
    "entry": null,
    "high": null,
    "qty": 0.0,
    "last_trade": 1783812690.5301654
  },
  "DOGEUSDT": {
    "in_position": false,
    "entry": null,
    "high": null,
    "qty": 0.0,
    "last_trade": 1783809096.4645865
  }
}