{
  "_meta": {
    "cash": 370.2728120874466,
    "peak_equity": 10390.48381505795
  },
  "BTCUSDT": {
    "in_position": false,
    "entry": null,
    "high": null,
    "qty": 0.0,
    "last_trade": 1783024289.5540664
  },
  "ETHUSDT": {
    "in_position": false,
    "entry": null,
    "high": null,
    "qty": 0.0,
    "last_trade": 1783029682.0742528
  },
  "SOLUSDT": {
    "in_position": false,
    "entry": null,
    "high": null,
    "qty": 0.0,
    "last_trade": 1783048556.9122262
  },
  "BNBUSDT": {
    "in_position": true,
    "entry": 559.76,
    "high": 559.76,
    "qty": 11.216452575198344,
    "last_trade": 1783048567.1237705
  },
  "XRPUSDT": {
    "in_position": true,
    "entry": 1.0828,
    "high": 1.0946,
    "qty": 399.1351369200682,
    "last_trade": 1783033293.2381504
  },
  "ADAUSDT": {
    "in_position": false,
    "entry": null,
    "high": null,
    "qty": 0.0,
    "last_trade": 1783020682.0845008
  },
  "AVAXUSDT": {
    "in_position": true,
    "entry": 6.786,
    "high": 6.857,
    "qty": 98.99162345529696,
    "last_trade": 1783029698.2720473
  },
  "LINKUSDT": {
    "in_position": false,
    "entry": null,
    "high": null,
    "qty": 0.0,
    "last_trade": 1783031472.5596056
  },
  "LTCUSDT": {
    "in_position": false,
    "entry": null,
    "high": null,
    "qty": 0.0,
    "last_trade": 1783048567.12381
  },
  "DOGEUSDT": {
    "in_position": true,
    "entry": 0.07417,
    "high": 0.07483,
    "qty": 13272.560184327416,
    "last_trade": 1783022506.590386
  }
}