{
  "_meta": {
    "cash": 33.95831496413757,
    "peak_equity": 10390.48381505795
  },
  "BTCUSDT": {
    "in_position": false,
    "entry": null,
    "high": null,
    "qty": 0.0,
    "last_trade": 1783144893.8041792
  },
  "ETHUSDT": {
    "in_position": true,
    "entry": 1755.86,
    "high": 1755.86,
    "qty": 0.36709271860952175,
    "last_trade": 1783144906.0393767
  },
  "SOLUSDT": {
    "in_position": false,
    "entry": null,
    "high": null,
    "qty": 0.0,
    "last_trade": 1783048556.9122262
  },
  "BNBUSDT": {
    "in_position": false,
    "entry": null,
    "high": null,
    "qty": 0.0,
    "last_trade": 1783142158.6041021
  },
  "XRPUSDT": {
    "in_position": true,
    "entry": 1.0828,
    "high": 1.1476,
    "qty": 399.1351369200682,
    "last_trade": 1783033293.2381504
  },
  "ADAUSDT": {
    "in_position": true,
    "entry": 0.1784,
    "high": 0.18,
    "qty": 5613.19065168633,
    "last_trade": 1783128689.5149384
  },
  "AVAXUSDT": {
    "in_position": true,
    "entry": 6.919,
    "high": 6.922,
    "qty": 885.2189664399107,
    "last_trade": 1783142168.901143
  },
  "LINKUSDT": {
    "in_position": false,
    "entry": null,
    "high": null,
    "qty": 0.0,
    "last_trade": 1783126883.3061914
  },
  "LTCUSDT": {
    "in_position": true,
    "entry": 44.6,
    "high": 44.6,
    "qty": 14.888024603921268,
    "last_trade": 1783126897.23877
  },
  "DOGEUSDT": {
    "in_position": false,
    "entry": null,
    "high": null,
    "qty": 0.0,
    "last_trade": 1783127758.1572404
  }
}